user_id,user_index,user_clicked_newsid,user_clicked_newsindex
U80709,0,"['N53234', 'N16636', 'N306', 'N41375', 'N15765', 'N13138', 'N38105', 'N46846', 'N50710']","[3, 6, 4, 2, 1, 0, 8, 7, 5, 4138, 4138, 4138, 4138, 4138, 4138, 4138, 4138, 4138, 4138, 4138, 4138, 4138, 4138, 4138, 4138, 4138, 4138, 4138, 4138, 4138, 4138, 4138, 4138, 4138, 4138, 4138, 4138, 4138, 4138, 4138, 4138, 4138, 4138, 4138, 4138, 4138, 4138, 4138, 4138, 4138]"
U8355,1,"['N8419', 'N15771', 'N1431', 'N5888', 'N18663', 'N24123', 'N22130', 'N20286', 'N32095', 'N46868', 'N55310', 'N31931', 'N34399', 'N42526', 'N64562', 'N12194', 'N23887', 'N56541', 'N59704', 'N30531', 'N60388', 'N8569', 'N38562', 'N47791', 'N157', 'N306', 'N30160', 'N41797', 'N47482', 'N2606', 'N20886', 'N47054', 'N64631', 'N3933', 'N40509']","[23, 24, 19, 26, 10, 30, 21, 32, 40, 25, 20, 39, 34, 17, 28, 14, 16, 33, 2, 15, 12, 18, 27, 38, 31, 29, 35, 41, 13, 9, 22, 42, 11, 37, 36, 4138, 4138, 4138, 4138, 4138, 4138, 4138, 4138, 4138, 4138, 4138, 4138, 4138, 4138, 4138]"
U10045,2,"['N52865', 'N22570', 'N37481', 'N55189', 'N16158', 'N63276', 'N15087', 'N10270', 'N54807', 'N56447', 'N53209', 'N32670', 'N62055', 'N62396', 'N45824', 'N21851', 'N62283', 'N37835', 'N23163', 'N54305', 'N51180', 'N34380', 'N61005', 'N44442', 'N56175', 'N53033', 'N1406', 'N4408', 'N57364', 'N14437', 'N32027', 'N63306', 'N23554', 'N64395', 'N26606', 'N10679', 'N5211', 'N27164', 'N9441', 'N52196', 'N35685', 'N36068', 'N64456', 'N17463', 'N52227', 'N4745', 'N22929', 'N3933', 'N4607', 'N5019', 'N49990', 'N14137', 'N21428']","[59, 53, 89, 57, 73, 90, 79, 86, 65, 71, 61, 69, 94, 52, 70, 68, 48, 77, 93, 81, 54, 72, 43, 84, 58, 62, 88, 92, 67, 75, 82, 46, 87, 74, 60, 91, 63, 55, 64, 41, 51, 66, 47, 80, 49, 56, 78, 76, 50, 83]"
U47892,3,"['N22279', 'N37211', 'N3501', 'N459', 'N10588', 'N3908', 'N23571', 'N21623', 'N46425', 'N18868', 'N12461', 'N31352', 'N16874', 'N871', 'N49146', 'N110', 'N5440', 'N12907', 'N61275', 'N65169', 'N39117', 'N5831', 'N16225', 'N58255', 'N59704', 'N50328', 'N62634', 'N54827', 'N23500', 'N63229', 'N59426', 'N40716', 'N36811', 'N43781', 'N56986', 'N23653', 'N15022', 'N55656', 'N19028', 'N59440', 'N60815', 'N48325', 'N31134', 'N56386', 'N60153', 'N13475', 'N56753', 'N17811', 'N19360', 'N62917', 'N3130', 'N14214', 'N48904', 'N38299', 'N46919', 'N14292', 'N19439', 'N28313', 'N29070', 'N619', 'N51658', 'N23732', 'N54842', 'N63889', 'N38701', 'N31801', 'N28981', 'N63576', 'N45829', 'N17271', 'N30168', 'N10527', 'N44766', 'N23614', 'N306', 'N56889', 'N28981', 'N10878', 'N12948', 'N14827', 'N15081', 'N25586', 'N42528', 'N64467', 'N10559', 'N43142', 'N15819', 'N40871', 'N5753', 'N63277', 'N4572', 'N19056', 'N54469', 'N39017', 'N25786', 'N35052', 'N34553', 'N60491', 'N56236', 'N33742', 'N33096', 'N2618', 'N31248', 'N11709', 'N21448', 'N30681', 'N11855', 'N45535', 'N19855', 'N38961', 'N50995', 'N41470', 'N23401', 'N55881', 'N38256', 'N22997', 'N52026', 'N11506', 'N21778', 'N56694', 'N24394', 'N55550', 'N1200', 'N28856', 'N64482', 'N3787', 'N30121', 'N37191', 'N43901', 'N59588', 'N11231', 'N29495', 'N20522', 'N1730', 'N23737', 'N55742', 'N13429', 'N46818', 'N30764', 'N12810', 'N49170', 'N47791', 'N10527', 'N41918', 'N16443', 'N48699', 'N33263', 'N22734', 'N65172', 'N37867', 'N60946', 'N27766', 'N58801', 'N25019', 'N40376', 'N15797', 'N18369', 'N64963', 'N20798', 'N54278', 'N55687', 'N20360', 'N53889', 'N51983', 'N40442', 'N6002', 'N12219', 'N42986', 'N44423', 'N30878', 'N1345', 'N9317', 'N63991', 'N37509', 'N23258', 'N39900', 'N44077', 'N47407', 'N49040', 'N381', 'N20607', 'N32830', 'N55055', 'N27940', 'N28257', 'N59451', 'N15676']","[186, 267, 107, 139, 141, 270, 257, 202, 178, 220, 153, 174, 148, 121, 260, 251, 233, 149, 155, 156, 146, 109, 140, 265, 196, 135, 276, 157, 189, 180, 171, 113, 110, 213, 104, 240, 234, 245, 249, 154, 197, 215, 227, 152, 232, 210, 131, 273, 111, 254]"
U63162,4,"['N59774', 'N56853', 'N63248', 'N22479', 'N10340', 'N59469', 'N36593', 'N61070', 'N30827', 'N6576', 'N63554', 'N62285', 'N11163', 'N50258', 'N15122', 'N58091', 'N30974', 'N39235', 'N37123', 'N21019', 'N32109', 'N61005', 'N3057', 'N21389', 'N12709', 'N50479', 'N22614', 'N25158', 'N30103', 'N42791', 'N3057', 'N58744', 'N54449', 'N47922', 'N55051', 'N59359', 'N64554', 'N13912', 'N2183', 'N13225', 'N57318', 'N19347', 'N40526', 'N53118', 'N56444', 'N56290', 'N54842', 'N63889', 'N28074', 'N6285', 'N43374', 'N62471', 'N19874', 'N41298', 'N43595', 'N64467', 'N51457', 'N51503', 'N2018', 'N12785', 'N56438', 'N8237', 'N61972', 'N31099', 'N2078', 'N64983', 'N31802', 'N29561', 'N22627', 'N43595', 'N54536', 'N40442', 'N35458', 'N16344']","[280, 290, 336, 254, 301, 283, 341, 338, 307, 313, 326, 286, 305, 333, 279, 330, 65, 282, 278, 321, 325, 335, 315, 298, 340, 324, 310, 317, 311, 284, 314, 327, 323, 285, 339, 337, 306, 287, 300, 322, 281, 303, 294, 297, 175, 342, 291, 304, 289, 331]"
U61371,5,"['N22279', 'N55039', 'N50074', 'N51167', 'N47525', 'N4567', 'N5011', 'N23193', 'N9803', 'N40496', 'N22787', 'N22787', 'N58383', 'N47791', 'N46065', 'N43818', 'N1850', 'N19565', 'N40871', 'N54841', 'N2645', 'N50564', 'N2363', 'N39333', 'N64371', 'N30792', 'N13894', 'N54073', 'N17118', 'N38687', 'N45445']","[365, 366, 367, 347, 353, 358, 32, 350, 346, 369, 360, 95, 345, 349, 355, 370, 363, 179, 362, 351, 361, 344, 354, 359, 364, 368, 348, 357, 352, 356, 4138, 4138, 4138, 4138, 4138, 4138, 4138, 4138, 4138, 4138, 4138, 4138, 4138, 4138, 4138, 4138, 4138, 4138, 4138, 4138]"
U92183,6,"['N61864', 'N49436', 'N56253', 'N5034', 'N19638', 'N37859', 'N46082', 'N50905', 'N962', 'N63429', 'N40555', 'N15761', 'N23653', 'N30737', 'N6932', 'N26176', 'N35926', 'N56843', 'N13404', 'N21164', 'N8258', 'N11273', 'N56527', 'N54360', 'N62959', 'N58075']","[374, 377, 381, 385, 383, 392, 389, 129, 379, 384, 388, 378, 387, 371, 395, 393, 376, 391, 380, 382, 373, 390, 372, 394, 386, 375, 4138, 4138, 4138, 4138, 4138, 4138, 4138, 4138, 4138, 4138, 4138, 4138, 4138, 4138, 4138, 4138, 4138, 4138, 4138, 4138, 4138, 4138, 4138, 4138]"
U19739,7,"['N39074', 'N14343', 'N32607', 'N32320', 'N22007', 'N442', 'N19001', 'N24294', 'N51188', 'N22772', 'N51188', 'N12603', 'N8275', 'N19741', 'N6695', 'N35820', 'N30531', 'N15545', 'N27529', 'N62703', 'N59426', 'N15414', 'N54827', 'N21395', 'N39941', 'N10824', 'N42512', 'N58521', 'N62846', 'N14385', 'N47020', 'N2142', 'N17099', 'N47020', 'N11804', 'N52121']","[402, 409, 418, 426, 407, 399, 28, 420, 413, 396, 408, 403, 419, 405, 400, 417, 411, 121, 424, 422, 412, 425, 421, 423, 401, 410, 414, 416, 397, 124, 398, 404, 415, 406, 4138, 4138, 4138, 4138, 4138, 4138, 4138, 4138, 4138, 4138, 4138, 4138, 4138, 4138, 4138, 4138]"
U73700,8,"['N10732', 'N25792', 'N7563', 'N21087', 'N41087', 'N5445', 'N60384', 'N46616', 'N52500', 'N33164', 'N47289', 'N24233', 'N62058', 'N26378', 'N49475', 'N18870']","[440, 437, 439, 428, 431, 438, 432, 433, 435, 427, 434, 429, 441, 442, 430, 436, 4138, 4138, 4138, 4138, 4138, 4138, 4138, 4138, 4138, 4138, 4138, 4138, 4138, 4138, 4138, 4138, 4138, 4138, 4138, 4138, 4138, 4138, 4138, 4138, 4138, 4138, 4138, 4138, 4138, 4138, 4138, 4138, 4138, 4138]"
U47654,9,"['N56461', 'N4304', 'N39041', 'N871', 'N44559', 'N28296', 'N41944', 'N41665', 'N8122', 'N39235', 'N20792', 'N55951', 'N8834', 'N50328', 'N787', 'N18873', 'N32312', 'N15538', 'N54435', 'N24441', 'N28926', 'N619', 'N18285', 'N4526', 'N43142', 'N12306', 'N63161', 'N62714', 'N11855', 'N28711', 'N38105', 'N26364', 'N6376', 'N44928', 'N28324', 'N22558', 'N45269', 'N13797', 'N24830', 'N37651']","[462, 457, 469, 443, 108, 153, 461, 470, 467, 445, 466, 450, 456, 472, 474, 177, 6, 459, 453, 452, 468, 447, 446, 448, 460, 458, 294, 455, 119, 471, 198, 451, 454, 464, 475, 444, 465, 473, 449, 463, 4138, 4138, 4138, 4138, 4138, 4138, 4138, 4138, 4138, 4138]"
U34670,10,"['N45729', 'N2203', 'N871', 'N53880', 'N41375', 'N43142', 'N33013', 'N29757', 'N31825', 'N51891']","[3, 177, 479, 482, 108, 480, 477, 481, 478, 476, 4138, 4138, 4138, 4138, 4138, 4138, 4138, 4138, 4138, 4138, 4138, 4138, 4138, 4138, 4138, 4138, 4138, 4138, 4138, 4138, 4138, 4138, 4138, 4138, 4138, 4138, 4138, 4138, 4138, 4138, 4138, 4138, 4138, 4138, 4138, 4138, 4138, 4138, 4138, 4138]"
U80798,11,"['N17952', 'N25740', 'N8794', 'N61864', 'N19736', 'N55846', 'N44013', 'N12889', 'N3500', 'N10059', 'N39043', 'N28818', 'N719', 'N51741', 'N40019', 'N23628', 'N24889', 'N47485', 'N5056', 'N19152', 'N52946', 'N33617', 'N37378', 'N14340', 'N5034', 'N61704', 'N44399', 'N52648', 'N19638', 'N18164', 'N49481', 'N47170', 'N5290', 'N47525', 'N61864', 'N46096', 'N33417', 'N848', 'N6156', 'N56514', 'N3909', 'N52626', 'N11101', 'N44052', 'N53216', 'N46023', 'N33861', 'N6622', 'N60362', 'N9798', 'N50752', 'N1300', 'N37920', 'N250', 'N8960', 'N57888', 'N16715', 'N9803', 'N53880', 'N42470', 'N47020', 'N59359', 'N30353', 'N57812', 'N56753', 'N60184', 'N13374', 'N61342', 'N5938', 'N10679', 'N32166', 'N24591', 'N34140', 'N29326', 'N32640', 'N31801', 'N11005', 'N5445', 'N62546', 'N16030', 'N47173', 'N31694', 'N63709', 'N40944', 'N30160', 'N16781', 'N27373', 'N42620', 'N4486', 'N11231', 'N13429', 'N14761', 'N43189', 'N33213', 'N32498', 'N51330', 'N42128', 'N14742', 'N4607', 'N11249', 'N44867', 'N33013', 'N49040', 'N31172', 'N57726', 'N381', 'N64273', 'N46811', 'N46811', 'N43778', 'N54168', 'N6767', 'N31143', 'N62959', 'N9867', 'N35671', 'N21970', 'N62801']","[540, 555, 542, 554, 500, 375, 549, 560, 534, 516, 484, 575, 502, 566, 537, 571, 519, 478, 536, 495, 538, 90, 527, 526, 533, 578, 394, 563, 498, 567, 503, 34, 371, 504, 514, 551, 568, 559, 576, 543, 518, 140, 570, 572, 528, 479, 492, 515, 159, 489]"
U78244,12,"['N39830', 'N12889', 'N56537', 'N6056', 'N56253', 'N51111', 'N3893', 'N55846', 'N48914', 'N41049', 'N13233', 'N29680', 'N55189', 'N27448', 'N34004', 'N46843', 'N44956', 'N63276', 'N36275', 'N14629', 'N18760', 'N13180', 'N25273', 'N62690', 'N19236', 'N871', 'N14644', 'N41252', 'N46978', 'N40824', 'N64634', 'N14607', 'N56692', 'N44559', 'N30662', 'N58571', 'N19131', 'N36275', 'N61347', 'N13180', 'N61217', 'N10235', 'N55326', 'N8422', 'N995', 'N20147', 'N36053', 'N6397', 'N57296', 'N50027', 'N56736', 'N60470', 'N12197', 'N1603', 'N16636', 'N46573', 'N22561', 'N13137', 'N42137', 'N58638', 'N48600', 'N14514', 'N57924', 'N34399', 'N5102', 'N5735', 'N55743', 'N60184', 'N41797', 'N306', 'N28088', 'N23196', 'N43587', 'N23196', 'N38924', 'N40070', 'N13689', 'N19300', 'N64193', 'N55497', 'N47277', 'N32069', 'N11246', 'N46966', 'N5283', 'N52551', 'N29690', 'N17128', 'N44923', 'N4607', 'N14742', 'N4970', 'N37394', 'N38310', 'N37663', 'N10470', 'N59922', 'N59327', 'N47615', 'N2782', 'N20357']","[660, 652, 654, 640, 605, 1, 606, 659, 647, 46, 645, 626, 90, 487, 582, 631, 633, 643, 634, 646, 618, 588, 581, 615, 625, 607, 600, 580, 649, 635, 636, 638, 587, 656, 648, 621, 624, 616, 373, 612, 611, 585, 644, 21, 596, 653, 622, 608, 601, 655]"
U700,13,"['N50755', 'N39556', 'N23571', 'N5227', 'N46039', 'N39498', 'N32700', 'N10897', 'N26109', 'N61121', 'N46994', 'N41375', 'N51450', 'N46357', 'N4702', 'N15159', 'N42620', 'N22665', 'N60543', 'N16190', 'N14981', 'N3077', 'N47168', 'N2511', 'N42781', 'N29757', 'N8665']","[672, 664, 669, 679, 480, 683, 667, 3, 684, 556, 675, 677, 668, 680, 665, 663, 673, 101, 666, 685, 676, 671, 678, 670, 682, 681, 674, 4138, 4138, 4138, 4138, 4138, 4138, 4138, 4138, 4138, 4138, 4138, 4138, 4138, 4138, 4138, 4138, 4138, 4138, 4138, 4138, 4138, 4138, 4138]"
U54128,14,"['N36517', 'N19644', 'N58067', 'N28952', 'N37844', 'N17211', 'N23979', 'N1954', 'N23912', 'N19644', 'N30738', 'N36722', 'N25003', 'N59090', 'N51057', 'N39816', 'N1150', 'N35009', 'N13505', 'N10099', 'N59090', 'N13233', 'N53125', 'N54253', 'N31737', 'N59506', 'N22990', 'N43265', 'N38176', 'N21510', 'N22990', 'N6233', 'N63260', 'N60949', 'N33617', 'N33458', 'N6233', 'N51706', 'N40874', 'N57537', 'N15218', 'N23620', 'N23986', 'N63405', 'N51167', 'N50538', 'N20121', 'N18242', 'N32098', 'N44547', 'N53538', 'N6835', 'N8619', 'N24691', 'N23136', 'N50455', 'N54267', 'N4804', 'N15444', 'N51136', 'N4355', 'N49531', 'N50455', 'N5861', 'N49223', 'N19638', 'N15848', 'N35395', 'N33200', 'N63314', 'N26398', 'N24294', 'N22052', 'N50578', 'N21559', 'N58891', 'N28236', 'N9899', 'N35519', 'N12575', 'N59026', 'N8275', 'N61534', 'N7738', 'N13508', 'N56566', 'N9641', 'N32867', 'N11042', 'N38298', 'N1267', 'N28538', 'N15337', 'N48553', 'N30114', 'N46280', 'N17102', 'N2258', 'N56514', 'N43761', 'N39235', 'N61005', 'N49731', 'N23163', 'N51712', 'N12859', 'N12096', 'N59763', 'N64775', 'N14548', 'N23887', 'N14514', 'N61114', 'N16225', 'N43524', 'N45794', 'N55051', 'N55727', 'N56922', 'N23653', 'N36230', 'N1208', 'N53973', 'N58783', 'N11477', 'N32971', 'N12755', 'N64819', 'N14580', 'N40493', 'N2576', 'N20259', 'N13362', 'N34904', 'N41439', 'N45093', 'N10749', 'N48325', 'N13569', 'N29453', 'N7780', 'N48888', 'N47020', 'N40692', 'N27491', 'N33764', 'N35409', 'N22787', 'N38546', 'N3149', 'N41156', 'N35624', 'N29955', 'N62875', 'N57278', 'N17811', 'N43673', 'N42291', 'N56753', 'N26683', 'N13374', 'N60184', 'N52506', 'N38155', 'N63167', 'N9441', 'N63469', 'N39101', 'N46011', 'N9441', 'N41589', 'N23614', 'N34152', 'N45330', 'N40944', 'N37131', 'N20547', 'N19386', 'N63582', 'N62231', 'N2679', 'N11231', 'N47655', 'N64163', 'N9114', 'N10156', 'N34113', 'N53049', 'N28812', 'N48742', 'N42986', 'N11345', 'N8148', 'N20607', 'N5418', 'N24830', 'N16308', 'N44357', 'N58731', 'N35305', 'N35671', 'N28320', 'N9537', 'N62268', 'N14512', 'N3900', 'N57238', 'N60670', 'N20020', 'N8170', 'N28858', 'N11831', 'N37764', 'N14296', 'N39289', 'N3491']","[837, 691, 800, 776, 836, 794, 375, 819, 718, 789, 824, 787, 737, 857, 688, 791, 701, 167, 859, 538, 798, 848, 686, 65, 760, 843, 852, 687, 708, 576, 753, 728, 732, 773, 839, 716, 823, 841, 474, 81, 734, 135, 788, 808, 801, 828, 817, 690, 816, 724]"
U9306,15,"['N4099', 'N17953', 'N29177', 'N53636', 'N43295', 'N58936', 'N7714', 'N58226', 'N6167', 'N7442', 'N64742', 'N38939', 'N55805', 'N59546', 'N21117', 'N13008', 'N38824', 'N61432', 'N14644', 'N32893', 'N44495', 'N28081', 'N31896', 'N3508', 'N33617', 'N44399', 'N33998', 'N16290', 'N38659', 'N10865', 'N33969', 'N40912', 'N34522', 'N5290', 'N64185', 'N62904', 'N27094', 'N48038', 'N47558', 'N9899', 'N19630', 'N25577', 'N31193', 'N32020', 'N47729', 'N18030', 'N38298', 'N11101', 'N59053', 'N2805', 'N64775', 'N51299', 'N16292', 'N43524', 'N18275', 'N21177', 'N20592', 'N5663', 'N17990', 'N45794', 'N17966', 'N56486', 'N53531', 'N43175', 'N57789', 'N32312', 'N32402', 'N50671', 'N34920', 'N21019', 'N30698', 'N31801', 'N5521', 'N26714', 'N28074', 'N61249', 'N8201', 'N48076', 'N63709', 'N306', 'N53596', 'N61535', 'N41298', 'N4526', 'N60714', 'N40640', 'N40871', 'N23105', 'N28359', 'N39017', 'N30190', 'N8448', 'N28088', 'N51821', 'N39670', 'N13138', 'N2937', 'N36530', 'N1843', 'N5283', 'N14761', 'N42128', 'N19660', 'N51376', 'N32748', 'N18360', 'N60713', 'N57239', 'N37897', 'N60702', 'N55911', 'N44867', 'N25078', 'N52136', 'N62211', 'N42330', 'N14938', 'N62306', 'N61880', 'N29857', 'N10073', 'N20020']","[877, 887, 931, 566, 927, 884, 902, 933, 934, 552, 926, 890, 916, 912, 950, 943, 456, 945, 753, 879, 939, 179, 940, 873, 891, 955, 326, 882, 870, 944, 875, 923, 895, 321, 949, 783, 779, 946, 507, 635, 2, 914, 953, 909, 892, 935, 910, 906, 930, 782]"
U85027,16,"['N61864', 'N28501', 'N30145']","[962, 371, 961, 4138, 4138, 4138, 4138, 4138, 4138, 4138, 4138, 4138, 4138, 4138, 4138, 4138, 4138, 4138, 4138, 4138, 4138, 4138, 4138, 4138, 4138, 4138, 4138, 4138, 4138, 4138, 4138, 4138, 4138, 4138, 4138, 4138, 4138, 4138, 4138, 4138, 4138, 4138, 4138, 4138, 4138, 4138, 4138, 4138, 4138, 4138]"
U12957,17,"['N41308', 'N12900', 'N45020', 'N22544', 'N61106', 'N44940', 'N52097', 'N21098', 'N56253', 'N47558', 'N20121', 'N27012', 'N54581', 'N57582', 'N46513', 'N56456', 'N18004', 'N61455', 'N501', 'N5978', 'N62634', 'N9803', 'N1766', 'N5183', 'N28455', 'N6655', 'N12665', 'N35410', 'N27759', 'N21751', 'N13374', 'N61342', 'N57288', 'N30030', 'N53482', 'N11005', 'N33164', 'N63895', 'N306', 'N2309', 'N41797', 'N7898', 'N35710', 'N42620', 'N30022', 'N27526', 'N37159', 'N38105', 'N38039', 'N57908', 'N41244', 'N43798', 'N52307', 'N59451', 'N5560', 'N51377', 'N7328']","[1001, 986, 1005, 988, 2, 964, 120, 998, 992, 6, 970, 966, 981, 995, 1002, 351, 990, 991, 987, 977, 983, 989, 978, 965, 996, 976, 900, 35, 1003, 963, 984, 275, 982, 373, 997, 999, 968, 547, 436, 1000, 973, 971, 540, 539, 725, 969, 985, 972, 979, 993]"
U73329,18,"['N27103', 'N40772', 'N9151', 'N57595', 'N33304', 'N42288', 'N49568', 'N26026', 'N21862', 'N54842', 'N6346', 'N38182', 'N36453', 'N48224', 'N47557', 'N60702', 'N41244', 'N55897', 'N5629']","[1018, 1020, 1013, 1012, 1009, 1011, 1000, 1019, 1008, 1010, 1016, 156, 1021, 1015, 1014, 1007, 1006, 950, 1017, 4138, 4138, 4138, 4138, 4138, 4138, 4138, 4138, 4138, 4138, 4138, 4138, 4138, 4138, 4138, 4138, 4138, 4138, 4138, 4138, 4138, 4138, 4138, 4138, 4138, 4138, 4138, 4138, 4138, 4138, 4138]"
U52005,19,['N10470'],"[657, 4138, 4138, 4138, 4138, 4138, 4138, 4138, 4138, 4138, 4138, 4138, 4138, 4138, 4138, 4138, 4138, 4138, 4138, 4138, 4138, 4138, 4138, 4138, 4138, 4138, 4138, 4138, 4138, 4138, 4138, 4138, 4138, 4138, 4138, 4138, 4138, 4138, 4138, 4138, 4138, 4138, 4138, 4138, 4138, 4138, 4138, 4138, 4138, 4138]"
U12328,20,"['N1150', 'N13008', 'N12833', 'N1570', 'N48914', 'N15254', 'N27448', 'N49828', 'N60223', 'N12907', 'N642', 'N996', 'N9545', 'N58715', 'N20039', 'N16290', 'N44361', 'N6835', 'N9653', 'N40517', 'N47954', 'N43295', 'N16793', 'N4593', 'N53074', 'N54101', 'N59884', 'N5938', 'N53883', 'N57760', 'N63656', 'N48592', 'N5477', 'N26176', 'N36453', 'N51821', 'N42620', 'N63062']","[1034, 1038, 701, 1032, 385, 1043, 112, 890, 870, 1042, 1025, 1028, 1045, 1033, 556, 730, 541, 1029, 588, 1036, 1039, 1037, 1030, 1023, 1041, 1027, 584, 1046, 1040, 1035, 1031, 1024, 1044, 938, 881, 1017, 1026, 1022, 4138, 4138, 4138, 4138, 4138, 4138, 4138, 4138, 4138, 4138, 4138, 4138]"
U8312,21,"['N22545', 'N44559', 'N32893', 'N33571', 'N4614', 'N56446', 'N56447', 'N32208', 'N42470', 'N26176', 'N21817', 'N54522', 'N61813', 'N62209', 'N28624', 'N5283', 'N55742', 'N27526', 'N55064', 'N33740', 'N16190', 'N43627', 'N60956', 'N21899', 'N51810']","[52, 1060, 884, 1052, 1057, 385, 679, 535, 1051, 1050, 1059, 227, 1053, 996, 1054, 1047, 1056, 446, 1062, 1055, 1049, 1048, 1058, 1061, 648, 4138, 4138, 4138, 4138, 4138, 4138, 4138, 4138, 4138, 4138, 4138, 4138, 4138, 4138, 4138, 4138, 4138, 4138, 4138, 4138, 4138, 4138, 4138, 4138, 4138]"
U5627,22,"['N43561', 'N4483', 'N13603', 'N57886', 'N32109', 'N61997', 'N37123', 'N11101', 'N60000', 'N8834', 'N59237', 'N9798', 'N46513', 'N64819', 'N60699', 'N36095', 'N35108', 'N566', 'N7062', 'N47348', 'N54528', 'N5469', 'N21317', 'N44867', 'N30612']","[520, 1075, 1073, 527, 1063, 1067, 453, 1069, 295, 1068, 1065, 566, 1079, 1066, 1072, 1070, 1078, 1071, 1064, 1077, 1076, 793, 297, 1074, 974, 4138, 4138, 4138, 4138, 4138, 4138, 4138, 4138, 4138, 4138, 4138, 4138, 4138, 4138, 4138, 4138, 4138, 4138, 4138, 4138, 4138, 4138, 4138, 4138, 4138]"
U19722,23,"['N2028', 'N40613', 'N459', 'N27851', 'N59345', 'N55231', 'N12889', 'N46483', 'N879', 'N3500', 'N17403', 'N700', 'N48987', 'N7100', 'N20145', 'N7048', 'N8552', 'N36676', 'N10815', 'N871', 'N64408', 'N13679', 'N9680', 'N63260', 'N61449', 'N26978', 'N59231', 'N32483', 'N4020', 'N28419', 'N34627', 'N51706', 'N44361', 'N31057', 'N54698', 'N47525', 'N54822', 'N64591', 'N25577', 'N64314', 'N32663', 'N6154', 'N60340', 'N20792', 'N9226', 'N56630', 'N6622', 'N63429', 'N45794', 'N41404', 'N18905', 'N32312', 'N43781', 'N63258', 'N38802', 'N5978', 'N58090', 'N29276', 'N58264', 'N41616', 'N59359', 'N8676', 'N33092', 'N5902', 'N13850', 'N34590', 'N46131', 'N34323', 'N19706', 'N18355', 'N46616', 'N43142', 'N54522', 'N26746', 'N6831', 'N11231', 'N41926', 'N63855', 'N9674', 'N19660', 'N46473', 'N36271', 'N24150', 'N6915', 'N20575', 'N6767', 'N20602']","[1141, 1108, 1107, 1102, 902, 1128, 1109, 1098, 1053, 717, 783, 1138, 98, 310, 1080, 1120, 1110, 1131, 1117, 451, 1133, 1091, 714, 1083, 1089, 1137, 1087, 1140, 1105, 1088, 1115, 943, 1093, 1082, 1092, 1123, 1130, 1143, 525, 490, 177, 1101, 1100, 1135, 1090, 1081, 1111, 434, 1086, 979]"
U27024,24,"['N38629', 'N50155', 'N29177', 'N56426', 'N63842', 'N36565', 'N30710', 'N43854', 'N41229', 'N31983', 'N13008', 'N62429', 'N38118', 'N58061', 'N34124', 'N61131', 'N55189', 'N21623', 'N24127', 'N60844', 'N34955', 'N46978', 'N44559', 'N53354', 'N42289', 'N32098', 'N52116', 'N7242', 'N63332', 'N46504', 'N44361', 'N16290', 'N61211', 'N39634', 'N57886', 'N34172', 'N47954', 'N29451', 'N9899', 'N34669', 'N42801', 'N47090', 'N1825', 'N45794', 'N8401', 'N51692', 'N59704', 'N37811', 'N55743', 'N57318', 'N31709', 'N44796', 'N41225', 'N9364', 'N39520', 'N48000', 'N23732', 'N63656', 'N48276', 'N29867', 'N619', 'N28463', 'N54960', 'N33170', 'N2309', 'N26026', 'N1167', 'N23718', 'N8331', 'N6461', 'N30190', 'N31248', 'N33337', 'N31248', 'N22273', 'N19435', 'N50456', 'N47996', 'N61126', 'N36530', 'N13117', 'N16160', 'N20342', 'N47508', 'N4607', 'N50580', 'N33163', 'N15297', 'N43495', 'N25582', 'N40817', 'N10867', 'N56011', 'N57726', 'N28879', 'N54490', 'N29857', 'N3727']","[1152, 1206, 1169, 1161, 1165, 1193, 102, 1179, 1189, 1199, 959, 194, 1170, 1183, 1188, 1204, 1187, 936, 1168, 1208, 1174, 1192, 153, 1144, 1200, 1145, 1210, 1164, 1157, 46, 1213, 1194, 1158, 446, 1202, 1205, 1186, 1173, 1212, 1066, 1162, 1150, 1197, 868, 881, 1209, 1181, 1032, 1196, 1147]"
U69950,25,"['N34947', 'N11282', 'N21771', 'N18881', 'N32545', 'N9172', 'N35802', 'N32421', 'N2083', 'N26642', 'N65123', 'N6233', 'N28296', 'N60050', 'N20649', 'N51706', 'N27377', 'N21087', 'N16304', 'N38298', 'N18094', 'N10347', 'N12194', 'N61388', 'N58090', 'N40692', 'N43391', 'N5905', 'N31801', 'N8200', 'N2309', 'N43142', 'N27468', 'N9674', 'N4717', 'N48715', 'N18360', 'N46846', 'N39798', 'N20575', 'N43195']","[24, 1227, 1225, 1137, 1223, 713, 1234, 430, 1224, 764, 1238, 177, 807, 1233, 1222, 1120, 1226, 1214, 1216, 7, 1220, 946, 1230, 1218, 447, 1235, 1215, 1236, 1219, 1239, 717, 1229, 1142, 992, 1228, 1217, 1232, 159, 1237, 1231, 1221, 4138, 4138, 4138, 4138, 4138, 4138, 4138, 4138, 4138]"
U86017,26,"['N54827', 'N23653', 'N1766', 'N30353', 'N61342', 'N58871', 'N26176', 'N37509']","[263, 540, 385, 121, 536, 980, 1240, 129, 4138, 4138, 4138, 4138, 4138, 4138, 4138, 4138, 4138, 4138, 4138, 4138, 4138, 4138, 4138, 4138, 4138, 4138, 4138, 4138, 4138, 4138, 4138, 4138, 4138, 4138, 4138, 4138, 4138, 4138, 4138, 4138, 4138, 4138, 4138, 4138, 4138, 4138, 4138, 4138, 4138, 4138]"
U9312,27,"['N19131', 'N61797', 'N40944', 'N20975', 'N24517', 'N47722', 'N46229', 'N26026', 'N2309']","[1245, 992, 1244, 1243, 1013, 608, 553, 1242, 1241, 4138, 4138, 4138, 4138, 4138, 4138, 4138, 4138, 4138, 4138, 4138, 4138, 4138, 4138, 4138, 4138, 4138, 4138, 4138, 4138, 4138, 4138, 4138, 4138, 4138, 4138, 4138, 4138, 4138, 4138, 4138, 4138, 4138, 4138, 4138, 4138, 4138, 4138, 4138, 4138, 4138]"
U39222,28,"['N31801', 'N24243', 'N47719', 'N46267']","[1246, 159, 1247, 1248, 4138, 4138, 4138, 4138, 4138, 4138, 4138, 4138, 4138, 4138, 4138, 4138, 4138, 4138, 4138, 4138, 4138, 4138, 4138, 4138, 4138, 4138, 4138, 4138, 4138, 4138, 4138, 4138, 4138, 4138, 4138, 4138, 4138, 4138, 4138, 4138, 4138, 4138, 4138, 4138, 4138, 4138, 4138, 4138, 4138, 4138]"
U3616,29,"['N20475', 'N21265', 'N58264', 'N58722']","[1122, 1249, 1251, 1250, 4138, 4138, 4138, 4138, 4138, 4138, 4138, 4138, 4138, 4138, 4138, 4138, 4138, 4138, 4138, 4138, 4138, 4138, 4138, 4138, 4138, 4138, 4138, 4138, 4138, 4138, 4138, 4138, 4138, 4138, 4138, 4138, 4138, 4138, 4138, 4138, 4138, 4138, 4138, 4138, 4138, 4138, 4138, 4138, 4138, 4138]"
U52914,30,"['N49640', 'N58309', 'N39258', 'N15122', 'N33969', 'N8831', 'N41840', 'N31262', 'N60340', 'N63499', 'N45335', 'N16715', 'N39192', 'N16378', 'N49838', 'N32573', 'N19495', 'N52307']","[291, 1259, 1264, 1113, 534, 1263, 1262, 1258, 1002, 1254, 1256, 1260, 1252, 1261, 1253, 893, 1255, 1257, 4138, 4138, 4138, 4138, 4138, 4138, 4138, 4138, 4138, 4138, 4138, 4138, 4138, 4138, 4138, 4138, 4138, 4138, 4138, 4138, 4138, 4138, 4138, 4138, 4138, 4138, 4138, 4138, 4138, 4138, 4138, 4138]"
U92486,31,"['N45388', 'N14238', 'N28467', 'N24724', 'N56446', 'N770', 'N20933', 'N36229', 'N32089', 'N15034', 'N51147', 'N14340', 'N4020', 'N65169', 'N57737', 'N20121', 'N21628', 'N33622', 'N6231', 'N40545', 'N61319', 'N46354', 'N28660', 'N29819', 'N9460', 'N53052', 'N27106', 'N14662', 'N14972', 'N27644', 'N50343', 'N6154', 'N2805', 'N38821', 'N28058', 'N1455', 'N57318', 'N1398', 'N4524', 'N62545', 'N18445', 'N24591', 'N8160', 'N63642', 'N31820', 'N31801', 'N50015', 'N44007', 'N23614', 'N30160', 'N60936', 'N7132', 'N10671', 'N11673', 'N58625', 'N64467', 'N28088', 'N12349', 'N50049', 'N28711', 'N42620', 'N51464', 'N52692', 'N51616', 'N42583', 'N43955', 'N58801', 'N33771', 'N35554', 'N14588', 'N6785', 'N8285', 'N46795', 'N57239', 'N22032', 'N14349', 'N33771', 'N17371', 'N41218', 'N2735', 'N2052', 'N58601']","[1282, 1298, 1276, 1287, 505, 175, 1050, 1306, 1310, 1320, 1321, 1288, 1297, 543, 114, 1265, 1293, 1284, 1322, 1278, 1103, 1323, 1307, 1112, 1277, 167, 1300, 556, 1315, 1271, 1290, 1309, 1274, 1295, 1275, 1270, 1299, 1269, 635, 1283, 1273, 159, 1267, 1314, 1302, 1317, 908, 1311, 34, 948]"
U91836,32,"['N31739', 'N6072', 'N63045', 'N23979', 'N35656', 'N43353', 'N8129', 'N1569', 'N17686', 'N13008', 'N21623', 'N6233', 'N14340', 'N48031', 'N62285', 'N44383', 'N23061', 'N16290', 'N6244', 'N45099', 'N58715', 'N59049', 'N7023', 'N50528', 'N42704', 'N46082', 'N8275', 'N15710', 'N59026', 'N8429', 'N30867', 'N56514', 'N19709', 'N31402', 'N31741', 'N54889', 'N9798', 'N62612', 'N2663', 'N16617', 'N6087', 'N13231', 'N63317', 'N61388', 'N59359', 'N51163', 'N30698', 'N34567', 'N54225', 'N32852', 'N55833', 'N64467', 'N3142', 'N13912', 'N29802', 'N44462', 'N29948', 'N4486', 'N5398', 'N14761', 'N47020', 'N65112', 'N31699', 'N37159', 'N61101', 'N14761', 'N3433', 'N10438', 'N61355', 'N21164', 'N22976', 'N2511', 'N48390', 'N58224', 'N48742', 'N35458', 'N24611', 'N37509', 'N21773', 'N41011', 'N19041', 'N25785']","[1330, 1342, 1333, 1353, 389, 1371, 1377, 1349, 1373, 1368, 1338, 1336, 557, 310, 1369, 407, 1344, 505, 1329, 1231, 1341, 102, 1357, 1335, 517, 890, 1379, 1367, 1376, 1340, 558, 1354, 263, 924, 1030, 288, 527, 1363, 1355, 1380, 1360, 881, 1372, 1348, 1359, 312, 683, 1328, 1347, 1356]"
U85394,33,"['N46911', 'N1150', 'N8129', 'N53387', 'N38118', 'N49995', 'N55189', 'N10059', 'N33683', 'N871', 'N33247', 'N26978', 'N20997', 'N16290', 'N44237', 'N58641', 'N57571', 'N43725', 'N19994', 'N4536', 'N54822', 'N64314', 'N1966', 'N14185', 'N35552', 'N13137', 'N5241', 'N11101', 'N46392', 'N59704', 'N53033', 'N9120', 'N37811', 'N55148', 'N4069', 'N16423', 'N41997', 'N21493', 'N34649', 'N54625', 'N22753', 'N3057', 'N712', 'N6466', 'N34105', 'N12349', 'N34394', 'N61267', 'N4166', 'N44885', 'N41375', 'N52875', 'N15765', 'N14452', 'N13138', 'N13429', 'N37663', 'N51705', 'N32194', 'N49040']","[1389, 1333, 1407, 1418, 1396, 298, 1397, 1393, 3, 1384, 1382, 1385, 1399, 228, 4, 1390, 1401, 1395, 701, 46, 656, 1308, 1405, 890, 1408, 491, 1110, 27, 1404, 626, 1409, 1416, 1383, 1394, 1411, 1108, 520, 1412, 1415, 1387, 268, 1413, 1100, 1386, 5, 1403, 1392, 1177, 1414, 1406]"
U47477,34,"['N16715', 'N48881', 'N10502', 'N35560', 'N8981', 'N30371', 'N17415', 'N21178', 'N39511', 'N49134', 'N36453', 'N46744', 'N29358']","[1427, 1429, 1422, 1428, 534, 1424, 1425, 1426, 1420, 1421, 1419, 1017, 1423, 4138, 4138, 4138, 4138, 4138, 4138, 4138, 4138, 4138, 4138, 4138, 4138, 4138, 4138, 4138, 4138, 4138, 4138, 4138, 4138, 4138, 4138, 4138, 4138, 4138, 4138, 4138, 4138, 4138, 4138, 4138, 4138, 4138, 4138, 4138, 4138, 4138]"
U33207,35,"['N16715', 'N48881', 'N10502', 'N35560', 'N8981', 'N30371', 'N17415', 'N21178', 'N39511', 'N49134', 'N36453', 'N46744', 'N29358']","[1427, 1429, 1422, 1428, 534, 1424, 1425, 1426, 1420, 1421, 1419, 1017, 1423, 4138, 4138, 4138, 4138, 4138, 4138, 4138, 4138, 4138, 4138, 4138, 4138, 4138, 4138, 4138, 4138, 4138, 4138, 4138, 4138, 4138, 4138, 4138, 4138, 4138, 4138, 4138, 4138, 4138, 4138, 4138, 4138, 4138, 4138, 4138, 4138, 4138]"
U39703,36,"['N2950', 'N10897', 'N29361', 'N6864', 'N2192', 'N59201', 'N24298', 'N712', 'N11005', 'N31801', 'N63688', 'N18587', 'N21984', 'N42620']","[1430, 1434, 669, 1431, 1437, 1433, 1408, 1435, 1432, 159, 1436, 556, 547, 1438, 4138, 4138, 4138, 4138, 4138, 4138, 4138, 4138, 4138, 4138, 4138, 4138, 4138, 4138, 4138, 4138, 4138, 4138, 4138, 4138, 4138, 4138, 4138, 4138, 4138, 4138, 4138, 4138, 4138, 4138, 4138, 4138, 4138, 4138, 4138, 4138]"
U45798,37,"['N459', 'N11071', 'N1150', 'N60206', 'N12859', 'N22561', 'N46023', 'N16715', 'N31801', 'N55556', 'N49792']","[701, 776, 1439, 534, 98, 625, 1441, 159, 1440, 523, 1442, 4138, 4138, 4138, 4138, 4138, 4138, 4138, 4138, 4138, 4138, 4138, 4138, 4138, 4138, 4138, 4138, 4138, 4138, 4138, 4138, 4138, 4138, 4138, 4138, 4138, 4138, 4138, 4138, 4138, 4138, 4138, 4138, 4138, 4138, 4138, 4138, 4138, 4138, 4138]"
U11533,38,"['N55846', 'N40962', 'N58641', 'N54698', 'N55326', 'N43997', 'N9120', 'N37039', 'N46049', 'N49944', 'N8745']","[1447, 1399, 1445, 1446, 1443, 1107, 1444, 1448, 1389, 612, 487, 4138, 4138, 4138, 4138, 4138, 4138, 4138, 4138, 4138, 4138, 4138, 4138, 4138, 4138, 4138, 4138, 4138, 4138, 4138, 4138, 4138, 4138, 4138, 4138, 4138, 4138, 4138, 4138, 4138, 4138, 4138, 4138, 4138, 4138, 4138, 4138, 4138, 4138, 4138]"
U50562,39,"['N23571', 'N56698', 'N63724', 'N19861', 'N19861', 'N10865', 'N18030', 'N16636', 'N57971', 'N51712', 'N16617', 'N16715', 'N16715', 'N39577', 'N24298', 'N5643', 'N35866', 'N56753', 'N11913', 'N26714', 'N19347', 'N28030', 'N40944', 'N306', 'N35926', 'N21817', 'N4862', 'N53049', 'N62714', 'N50839', 'N7364']","[1451, 1458, 775, 1052, 1, 1459, 140, 553, 1457, 1449, 2, 1454, 1456, 906, 841, 316, 1452, 926, 1450, 1460, 1453, 101, 534, 1435, 386, 892, 465, 1354, 1455, 4138, 4138, 4138, 4138, 4138, 4138, 4138, 4138, 4138, 4138, 4138, 4138, 4138, 4138, 4138, 4138, 4138, 4138, 4138, 4138, 4138]"
U79199,40,"['N37083', 'N459', 'N29499', 'N38118', 'N37378', 'N24691', 'N27235', 'N34694', 'N13137', 'N35022', 'N16617', 'N39762', 'N35452', 'N58580', 'N1258', 'N24492', 'N31801', 'N43142', 'N14761']","[98, 1461, 1467, 1469, 1462, 177, 1463, 626, 1464, 504, 1465, 558, 1468, 1470, 1154, 1466, 732, 159, 1354, 4138, 4138, 4138, 4138, 4138, 4138, 4138, 4138, 4138, 4138, 4138, 4138, 4138, 4138, 4138, 4138, 4138, 4138, 4138, 4138, 4138, 4138, 4138, 4138, 4138, 4138, 4138, 4138, 4138, 4138, 4138]"
U13227,41,"['N2028', 'N22570', 'N27407', 'N10756', 'N16158', 'N32421', 'N2083', 'N29730', 'N60206', 'N60223', 'N27612', 'N46978', 'N41063', 'N62006', 'N36699', 'N51706', 'N24914', 'N18777', 'N58504', 'N29426', 'N14470', 'N38266', 'N50513', 'N9899', 'N51238', 'N13137', 'N42526', 'N12367', 'N55517', 'N23256', 'N56630', 'N6622', 'N46681', 'N477', 'N46513', 'N4593', 'N14150', 'N23653', 'N14963', 'N5823', 'N58090', 'N16715', 'N26265', 'N40692', 'N26272', 'N54090', 'N46131', 'N7214', 'N24243', 'N28074', 'N50051', 'N306', 'N62471', 'N35710', 'N37225', 'N54522', 'N14655', 'N25885', 'N14552', 'N58724', 'N36530', 'N42620', 'N37528', 'N46267', 'N3301', 'N7019', 'N2775', 'N3264', 'N17303', 'N9890', 'N46655', 'N4607', 'N23958', 'N8629', 'N46795', 'N64106', 'N50', 'N41218', 'N601', 'N63761', 'N55911', 'N21317', 'N14417', 'N45269', 'N52481', 'N43827', 'N11020', 'N18106', 'N37729', 'N21970', 'N29857', 'N32233', 'N55582']","[1440, 1518, 1523, 90, 1494, 601, 1495, 129, 807, 1129, 1499, 1525, 1510, 1524, 1503, 1473, 1514, 1505, 1507, 1501, 1519, 1320, 525, 951, 1508, 324, 1037, 1486, 1502, 1080, 1472, 626, 941, 959, 753, 1480, 1492, 1504, 1506, 1475, 47, 1474, 44, 556, 1516, 1471, 1521, 1485, 1509, 1120]"
U2579,42,"['N3398', 'N51076', 'N3398', 'N35021', 'N31191', 'N59754', 'N44559', 'N26978', 'N4020', 'N51226', 'N2745', 'N18893', 'N53354', 'N32483', 'N39911', 'N30867', 'N39235', 'N228', 'N13925', 'N54827', 'N10928', 'N12676', 'N11745', 'N14452', 'N43142', 'N30681', 'N18730', 'N42620', 'N36530', 'N38256', 'N23401', 'N8143', 'N8878', 'N40254', 'N40448', 'N52555', 'N19833', 'N54730']","[197, 941, 1100, 1545, 1547, 1537, 1161, 1542, 1540, 177, 1535, 1539, 556, 1528, 1541, 1102, 1546, 446, 121, 1526, 1531, 1103, 1527, 204, 1543, 1533, 1538, 294, 1347, 1529, 1530, 206, 1536, 1544, 1534, 1532, 1416, 4138, 4138, 4138, 4138, 4138, 4138, 4138, 4138, 4138, 4138, 4138, 4138, 4138]"
U40937,43,"['N17933', 'N2203', 'N18049', 'N51706', 'N31057', 'N18030', 'N31204', 'N17966', 'N59704', 'N59691', 'N57801', 'N64955', 'N306', 'N43142', 'N48135', 'N39192', 'N53049']","[1549, 27, 177, 1554, 1552, 2, 477, 1260, 1550, 916, 841, 1553, 1551, 717, 1548, 1106, 906, 4138, 4138, 4138, 4138, 4138, 4138, 4138, 4138, 4138, 4138, 4138, 4138, 4138, 4138, 4138, 4138, 4138, 4138, 4138, 4138, 4138, 4138, 4138, 4138, 4138, 4138, 4138, 4138, 4138, 4138, 4138, 4138, 4138]"
U8125,44,"['N10078', 'N56514', 'N14904', 'N33740']","[1058, 517, 1556, 1555, 4138, 4138, 4138, 4138, 4138, 4138, 4138, 4138, 4138, 4138, 4138, 4138, 4138, 4138, 4138, 4138, 4138, 4138, 4138, 4138, 4138, 4138, 4138, 4138, 4138, 4138, 4138, 4138, 4138, 4138, 4138, 4138, 4138, 4138, 4138, 4138, 4138, 4138, 4138, 4138, 4138, 4138, 4138, 4138, 4138, 4138]"
U6744,45,"['N9824', 'N58518', 'N57726']","[1558, 568, 1557, 4138, 4138, 4138, 4138, 4138, 4138, 4138, 4138, 4138, 4138, 4138, 4138, 4138, 4138, 4138, 4138, 4138, 4138, 4138, 4138, 4138, 4138, 4138, 4138, 4138, 4138, 4138, 4138, 4138, 4138, 4138, 4138, 4138, 4138, 4138, 4138, 4138, 4138, 4138, 4138, 4138, 4138, 4138, 4138, 4138, 4138, 4138]"
U37844,46,"['N52551', 'N47020']","[422, 649, 4138, 4138, 4138, 4138, 4138, 4138, 4138, 4138, 4138, 4138, 4138, 4138, 4138, 4138, 4138, 4138, 4138, 4138, 4138, 4138, 4138, 4138, 4138, 4138, 4138, 4138, 4138, 4138, 4138, 4138, 4138, 4138, 4138, 4138, 4138, 4138, 4138, 4138, 4138, 4138, 4138, 4138, 4138, 4138, 4138, 4138, 4138, 4138]"
U2935,47,"['N38118', 'N55326', 'N55326', 'N33969', 'N25577', 'N848', 'N18275', 'N40716', 'N45994', 'N24298', 'N58580', 'N921', 'N31801', 'N19495', 'N40509']","[911, 1468, 1264, 515, 125, 1559, 42, 902, 1154, 1435, 159, 1560, 893, 612, 4138, 4138, 4138, 4138, 4138, 4138, 4138, 4138, 4138, 4138, 4138, 4138, 4138, 4138, 4138, 4138, 4138, 4138, 4138, 4138, 4138, 4138, 4138, 4138, 4138, 4138, 4138, 4138, 4138, 4138, 4138, 4138, 4138, 4138, 4138, 4138]"
U84248,48,"['N46647', 'N14114', 'N36896']","[1562, 1561, 1563, 4138, 4138, 4138, 4138, 4138, 4138, 4138, 4138, 4138, 4138, 4138, 4138, 4138, 4138, 4138, 4138, 4138, 4138, 4138, 4138, 4138, 4138, 4138, 4138, 4138, 4138, 4138, 4138, 4138, 4138, 4138, 4138, 4138, 4138, 4138, 4138, 4138, 4138, 4138, 4138, 4138, 4138, 4138, 4138, 4138, 4138, 4138]"
U92093,49,"['N27142', 'N41997', 'N18536', 'N58615', 'N7606', 'N16111', 'N8042', 'N54822', 'N13853', 'N17378', 'N45794', 'N47143', 'N24048', 'N37039', 'N49699', 'N5978', 'N47232', 'N18693', 'N50370', 'N26503', 'N29874', 'N18642', 'N32836', 'N61342', 'N31181', 'N51184', 'N43446', 'N11005', 'N37934', 'N11851', 'N27151', 'N17542', 'N12047', 'N55167', 'N12808', 'N2912', 'N17166', 'N35004', 'N16284', 'N54536', 'N42864', 'N51983', 'N32555']","[1576, 1589, 1590, 1445, 1572, 1403, 1564, 1108, 1583, 1584, 1591, 1571, 1569, 979, 547, 1566, 783, 1577, 540, 1596, 1586, 1568, 1588, 1579, 1575, 1585, 1573, 1581, 1593, 1592, 341, 1567, 1578, 253, 1574, 1587, 1594, 1570, 1565, 1582, 1580, 1595, 1597, 4138, 4138, 4138, 4138, 4138, 4138, 4138]"
U78954,50,"['N2189', 'N64716', 'N19269', 'N12889', 'N59546', 'N2203', 'N34322', 'N33998', 'N34694', 'N8845', 'N24187', 'N48098', 'N56541', 'N21844', 'N18275', 'N45794', 'N63003', 'N16715', 'N60184', 'N19347', 'N26176', 'N9441', 'N36530', 'N42620', 'N55556', 'N8258', 'N56527', 'N8878', 'N12652', 'N32194', 'N14383', 'N16902']","[911, 941, 1599, 1607, 26, 385, 1601, 392, 783, 1542, 489, 1418, 1441, 1464, 1605, 556, 879, 316, 889, 538, 1604, 390, 1598, 1609, 1600, 534, 1606, 1608, 477, 81, 1602, 1603, 4138, 4138, 4138, 4138, 4138, 4138, 4138, 4138, 4138, 4138, 4138, 4138, 4138, 4138, 4138, 4138, 4138, 4138]"
U38865,51,"['N12733', 'N8316', 'N43295', 'N17953', 'N16317', 'N2994', 'N55108', 'N59237', 'N53526', 'N18012', 'N21383', 'N21623', 'N64777', 'N2665', 'N46987', 'N4020', 'N32089', 'N14724', 'N29940', 'N36808', 'N16451', 'N15034', 'N36699', 'N53074', 'N995', 'N40912', 'N55326', 'N36053', 'N30662', 'N37156', 'N30622', 'N37156', 'N20483', 'N7333', 'N60669', 'N25839', 'N43917', 'N55951', 'N5828', 'N22519', 'N22344', 'N61018', 'N46372', 'N20857', 'N37915', 'N25158', 'N34824', 'N35560', 'N30353', 'N1080', 'N47289', 'N42079', 'N58264', 'N35295', 'N28313', 'N10414', 'N9003', 'N15587', 'N54842', 'N23864', 'N55059', 'N56889', 'N28088', 'N59118', 'N13081', 'N17589', 'N15676', 'N23771']","[102, 168, 1640, 1611, 437, 1639, 156, 1617, 1421, 1623, 1631, 1635, 1634, 303, 894, 635, 1641, 151, 1646, 1612, 1633, 1650, 1614, 536, 1616, 1649, 1069, 1626, 1638, 1636, 1620, 1477, 1628, 1272, 1613, 1622, 452, 612, 867, 1642, 1618, 1621, 1630, 614, 1637, 1038, 1629, 1648, 1619, 1122]"
U40466,52,"['N51591', 'N18109', 'N48582', 'N57737', 'N51706', 'N40517', 'N16290', 'N60954', 'N3345', 'N3183', 'N63554', 'N43725', 'N13137', 'N22864', 'N44442', 'N55951', 'N45794', 'N35022', 'N7376', 'N9803', 'N61388', 'N26900', 'N38994', 'N42470', 'N36083', 'N2192', 'N51840', 'N26288', 'N13231', 'N47020', 'N30353', 'N12349', 'N57955', 'N56753', 'N23554', 'N60184', 'N812', 'N24267', 'N34394', 'N54842', 'N306', 'N306', 'N26026', 'N41375', 'N47719', 'N41375', 'N43142', 'N43142', 'N14349', 'N28088', 'N21817', 'N29503', 'N42620', 'N28856', 'N48356', 'N54327', 'N10120', 'N17303', 'N7019', 'N11231', 'N2782', 'N55389', 'N17892', 'N23196', 'N60212', 'N23958', 'N4607', 'N41218', 'N18910', 'N34531', 'N48742', 'N51705', 'N40171', 'N20575', 'N31938', 'N33502', 'N15676', 'N33981', 'N36424', 'N7938', 'N3491']","[156, 661, 1677, 1661, 1672, 1652, 1681, 1678, 3, 1676, 1673, 287, 1663, 1670, 422, 635, 1674, 536, 276, 1679, 1308, 865, 140, 783, 1247, 215, 66, 1034, 1665, 1356, 351, 1142, 636, 1465, 1506, 1664, 1668, 1417, 1667, 1662, 1653, 1680, 1660, 1656, 538, 222, 890, 1654, 1324, 1666]"
U70910,53,"['N29177', 'N21777', 'N27448', 'N16158', 'N3046', 'N35017', 'N13304', 'N64826', 'N61471', 'N6869', 'N3850', 'N39665', 'N1825', 'N46392', 'N27320', 'N29395', 'N34824', 'N24591', 'N17279', 'N5445', 'N49175', 'N16190', 'N3111', 'N37802', 'N53275', 'N52761', 'N32004', 'N10470', 'N26213', 'N23431', 'N54283', 'N11484', 'N57005']","[1685, 1174, 1699, 679, 1697, 1705, 432, 1689, 1694, 1702, 1693, 1692, 1700, 1691, 1687, 1639, 588, 1688, 868, 1696, 1686, 1695, 543, 1704, 1398, 1683, 1701, 47, 657, 1703, 1698, 1690, 1684, 4138, 4138, 4138, 4138, 4138, 4138, 4138, 4138, 4138, 4138, 4138, 4138, 4138, 4138, 4138, 4138, 4138]"
U7471,54,"['N306', 'N47508', 'N17099', 'N32573', 'N31699', 'N61210', 'N40448', 'N37663', 'N52303']","[1707, 1369, 1706, 1263, 2, 424, 1202, 1544, 656, 4138, 4138, 4138, 4138, 4138, 4138, 4138, 4138, 4138, 4138, 4138, 4138, 4138, 4138, 4138, 4138, 4138, 4138, 4138, 4138, 4138, 4138, 4138, 4138, 4138, 4138, 4138, 4138, 4138, 4138, 4138, 4138, 4138, 4138, 4138, 4138, 4138, 4138, 4138, 4138, 4138]"
U6518,55,"['N36164', 'N54793', 'N62480', 'N26017', 'N38585', 'N13363', 'N35346', 'N7729', 'N53016']","[1712, 1713, 1716, 1710, 1709, 1711, 1714, 1715, 1708, 4138, 4138, 4138, 4138, 4138, 4138, 4138, 4138, 4138, 4138, 4138, 4138, 4138, 4138, 4138, 4138, 4138, 4138, 4138, 4138, 4138, 4138, 4138, 4138, 4138, 4138, 4138, 4138, 4138, 4138, 4138, 4138, 4138, 4138, 4138, 4138, 4138, 4138, 4138, 4138, 4138]"
U37127,56,"['N30589', 'N42989', 'N10340', 'N1150', 'N871', 'N848', 'N12972', 'N619', 'N44732', 'N38105', 'N8549', 'N64983']","[281, 701, 515, 1717, 6, 108, 153, 1721, 337, 1718, 1720, 1719, 4138, 4138, 4138, 4138, 4138, 4138, 4138, 4138, 4138, 4138, 4138, 4138, 4138, 4138, 4138, 4138, 4138, 4138, 4138, 4138, 4138, 4138, 4138, 4138, 4138, 4138, 4138, 4138, 4138, 4138, 4138, 4138, 4138, 4138, 4138, 4138, 4138, 4138]"
U15141,57,"['N55846', 'N29177', 'N55189', 'N27448', 'N6156', 'N25629', 'N12367', 'N56630', 'N54580', 'N48710', 'N23570', 'N36530', 'N21258', 'N2003', 'N31996', 'N11020', 'N28257', 'N5560', 'N15676']","[1725, 941, 1003, 516, 1727, 1115, 1724, 1722, 1728, 1726, 1723, 274, 487, 588, 1486, 276, 868, 46, 1521, 4138, 4138, 4138, 4138, 4138, 4138, 4138, 4138, 4138, 4138, 4138, 4138, 4138, 4138, 4138, 4138, 4138, 4138, 4138, 4138, 4138, 4138, 4138, 4138, 4138, 4138, 4138, 4138, 4138, 4138, 4138]"
U50695,58,"['N26169', 'N2203', 'N44559', 'N2794', 'N20710', 'N6156', 'N12096', 'N27154', 'N10897', 'N36843', 'N30698', 'N34394', 'N306', 'N47847', 'N43142', 'N47719', 'N33096', 'N14385', 'N13138', 'N42620', 'N36530', 'N4607', 'N37663', 'N39798', 'N39462', 'N37509']","[941, 669, 1247, 516, 1729, 1733, 656, 1238, 177, 2, 777, 556, 90, 924, 1730, 1735, 5, 192, 446, 1411, 421, 263, 1732, 1734, 1731, 477, 4138, 4138, 4138, 4138, 4138, 4138, 4138, 4138, 4138, 4138, 4138, 4138, 4138, 4138, 4138, 4138, 4138, 4138, 4138, 4138, 4138, 4138, 4138, 4138]"
U22930,59,"['N60903', 'N13537', 'N28487', 'N61864', 'N3501', 'N9070', 'N24724', 'N3345', 'N33458', 'N10336', 'N42208', 'N12907', 'N3508', 'N18164', 'N44947', 'N19638', 'N41997', 'N1088', 'N40427', 'N53580', 'N7046', 'N56514', 'N40977', 'N56630', 'N8584', 'N42281', 'N26017', 'N9798', 'N35022', 'N54974', 'N10897', 'N13362', 'N16715', 'N18951', 'N13866', 'N42025', 'N40138', 'N7981', 'N56753', 'N28313', 'N60184', 'N8448', 'N54842', 'N64129', 'N19280', 'N61249', 'N30110', 'N30077', 'N64467', 'N6750', 'N10559', 'N33096', 'N52206', 'N6506', 'N18587', 'N11726', 'N47020', 'N14761', 'N63539', 'N18360', 'N39495', 'N36271', 'N20798', 'N4607', 'N55911', 'N22097', 'N42781', 'N50710', 'N52555', 'N58113', 'N51270', 'N43202', 'N42986', 'N28803', 'N25762', 'N8148', 'N44077', 'N23911', 'N28257', 'N18321', 'N52307', 'N53017', 'N35671', 'N53037', 'N60291', 'N21970']","[1776, 90, 266, 946, 1757, 1761, 716, 1739, 1774, 798, 1403, 684, 951, 1115, 1756, 1711, 577, 257, 527, 1770, 1656, 534, 1755, 156, 1751, 1773, 669, 1740, 937, 192, 140, 1763, 1745, 1741, 1753, 1738, 8, 1750, 1762, 1746, 422, 576, 1768, 1743, 1139, 558, 538, 112, 1772, 1765]"
U39868,60,"['N26619', 'N51619', 'N42299', 'N58226', 'N21623', 'N27167', 'N60844', 'N28296', 'N30303', 'N12907', 'N49361', 'N61103', 'N59823', 'N46082', 'N46826', 'N30867', 'N22081', 'N37942', 'N49647', 'N2306', 'N10897', 'N21202', 'N50770', 'N16715', 'N14697', 'N62215', 'N59440', 'N52652', 'N27910', 'N61267', 'N619', 'N11855', 'N54522', 'N46301', 'N52551', 'N39900', 'N35458', 'N5104', 'N25811', 'N51270']","[342, 669, 1783, 377, 1790, 153, 265, 1768, 1779, 112, 1786, 1787, 1788, 1792, 1053, 1796, 1791, 1781, 1795, 1412, 1784, 649, 447, 1785, 1159, 1794, 1793, 133, 1780, 1798, 1347, 534, 873, 1789, 198, 1777, 1782, 102, 1797, 1778, 4138, 4138, 4138, 4138, 4138, 4138, 4138, 4138, 4138, 4138]"
U91389,61,"['N58642', 'N53393', 'N50155', 'N56253', 'N27448', 'N60223', 'N16695', 'N62248', 'N8667', 'N15394', 'N13231', 'N31061', 'N48240', 'N2224', 'N51376', 'N50710', 'N51906', 'N14246', 'N35923', 'N62258', 'N36086', 'N36707']","[1799, 1802, 1812, 1811, 944, 1807, 1805, 1808, 1813, 1356, 1145, 8, 588, 1804, 1800, 1809, 1806, 373, 1801, 1803, 1810, 1026, 4138, 4138, 4138, 4138, 4138, 4138, 4138, 4138, 4138, 4138, 4138, 4138, 4138, 4138, 4138, 4138, 4138, 4138, 4138, 4138, 4138, 4138, 4138, 4138, 4138, 4138, 4138, 4138]"
U38627,62,"['N21136', 'N306', 'N26026', 'N2309', 'N36530']","[1814, 941, 992, 2, 1013, 4138, 4138, 4138, 4138, 4138, 4138, 4138, 4138, 4138, 4138, 4138, 4138, 4138, 4138, 4138, 4138, 4138, 4138, 4138, 4138, 4138, 4138, 4138, 4138, 4138, 4138, 4138, 4138, 4138, 4138, 4138, 4138, 4138, 4138, 4138, 4138, 4138, 4138, 4138, 4138, 4138, 4138, 4138, 4138, 4138]"
U29155,63,"['N60785', 'N11885', 'N38939', 'N25114', 'N44984', 'N4830', 'N20680', 'N40373', 'N60184', 'N60184', 'N16292', 'N47175', 'N8448', 'N10417', 'N36353', 'N37681', 'N48076', 'N306', 'N37131', 'N32008', 'N61249', 'N11855', 'N33503', 'N46085', 'N59139', 'N30612', 'N3280', 'N13138', 'N46267', 'N46267', 'N47687', 'N44416', 'N42137', 'N1843', 'N48621', 'N25258', 'N60985', 'N42128', 'N19660', 'N43955', 'N59923', 'N12576', 'N21317', 'N50372', 'N65204', 'N34167', 'N41244', 'N25062', 'N37586', 'N36387', 'N53017', 'N28257', 'N40785', 'N23784']","[1830, 1829, 942, 1314, 1840, 929, 1835, 1818, 937, 1831, 627, 1815, 1838, 877, 1819, 1839, 1836, 1841, 1817, 1816, 1823, 274, 1000, 1820, 1248, 1842, 1078, 2, 5, 1827, 910, 1774, 1828, 1834, 538, 830, 927, 198, 1843, 1832, 1845, 1837, 1824, 1821, 1844, 1825, 943, 563, 1079, 1826]"
U83994,64,"['N49519', 'N2691', 'N26567', 'N54359', 'N20830', 'N995', 'N36053', 'N49103', 'N8569', 'N13893', 'N64541', 'N47737', 'N23196', 'N60604', 'N57140', 'N54571', 'N6778', 'N39838']","[1849, 1855, 1858, 1847, 1853, 1856, 1850, 1857, 1852, 616, 1854, 30, 636, 1859, 1846, 614, 1848, 1851, 4138, 4138, 4138, 4138, 4138, 4138, 4138, 4138, 4138, 4138, 4138, 4138, 4138, 4138, 4138, 4138, 4138, 4138, 4138, 4138, 4138, 4138, 4138, 4138, 4138, 4138, 4138, 4138, 4138, 4138, 4138, 4138]"
U5286,65,"['N16566', 'N45354', 'N5696', 'N19048', 'N3046', 'N16870', 'N63302', 'N18680', 'N11005', 'N60028', 'N5607', 'N44110', 'N55556', 'N39221', 'N13140', 'N50456', 'N49972', 'N60028', 'N43627', 'N13168']","[1860, 1861, 547, 1059, 1441, 1873, 1868, 1864, 1870, 1863, 1866, 1871, 1869, 1196, 1872, 1862, 1865, 1867, 1684, 4138, 4138, 4138, 4138, 4138, 4138, 4138, 4138, 4138, 4138, 4138, 4138, 4138, 4138, 4138, 4138, 4138, 4138, 4138, 4138, 4138, 4138, 4138, 4138, 4138, 4138, 4138, 4138, 4138, 4138, 4138]"
U81585,66,"['N17102', 'N61388', 'N16715', 'N32035', 'N36888', 'N23196', 'N53901', 'N18378', 'N33630', 'N23113']","[534, 1876, 1874, 1878, 1879, 1231, 771, 636, 1877, 1875, 4138, 4138, 4138, 4138, 4138, 4138, 4138, 4138, 4138, 4138, 4138, 4138, 4138, 4138, 4138, 4138, 4138, 4138, 4138, 4138, 4138, 4138, 4138, 4138, 4138, 4138, 4138, 4138, 4138, 4138, 4138, 4138, 4138, 4138, 4138, 4138, 4138, 4138, 4138, 4138]"
U13740,67,"['N55189', 'N42782', 'N34694', 'N45794', 'N18445', 'N63302', 'N10414', 'N19347', 'N31801']","[783, 1643, 1297, 316, 1865, 46, 1464, 159, 1880, 4138, 4138, 4138, 4138, 4138, 4138, 4138, 4138, 4138, 4138, 4138, 4138, 4138, 4138, 4138, 4138, 4138, 4138, 4138, 4138, 4138, 4138, 4138, 4138, 4138, 4138, 4138, 4138, 4138, 4138, 4138, 4138, 4138, 4138, 4138, 4138, 4138, 4138, 4138, 4138, 4138]"
U47761,68,"['N22479', 'N55846', 'N53526', 'N872', 'N56460', 'N53520', 'N53354', 'N32089', 'N53074', 'N46033', 'N19079', 'N49647', 'N6441', 'N31225', 'N55576', 'N16384', 'N11821', 'N37075', 'N27642', 'N28614']","[1038, 280, 1884, 1888, 1885, 1161, 1615, 1788, 1890, 1887, 487, 1889, 1892, 1881, 1891, 1272, 1886, 1893, 1882, 1883, 4138, 4138, 4138, 4138, 4138, 4138, 4138, 4138, 4138, 4138, 4138, 4138, 4138, 4138, 4138, 4138, 4138, 4138, 4138, 4138, 4138, 4138, 4138, 4138, 4138, 4138, 4138, 4138, 4138, 4138]"
U67119,69,"['N1322', 'N12194', 'N16715', 'N54834', 'N732', 'N14742', 'N17887', 'N46811', 'N279', 'N35671', 'N12608', 'N30295']","[1898, 1894, 570, 24, 1899, 534, 1896, 564, 576, 1895, 1897, 1900, 4138, 4138, 4138, 4138, 4138, 4138, 4138, 4138, 4138, 4138, 4138, 4138, 4138, 4138, 4138, 4138, 4138, 4138, 4138, 4138, 4138, 4138, 4138, 4138, 4138, 4138, 4138, 4138, 4138, 4138, 4138, 4138, 4138, 4138, 4138, 4138, 4138, 4138]"
U78765,70,"['N20304', 'N62327', 'N54022', 'N53520', 'N6233', 'N33083', 'N12096', 'N145', 'N4244', 'N38465', 'N4490', 'N57888', 'N37003', 'N17968', 'N59426', 'N16617', 'N12003', 'N2778', 'N25814', 'N60607', 'N22063', 'N46229', 'N55042', 'N13138', 'N9056', 'N12808', 'N8143', 'N14761', 'N4717', 'N40153', 'N53948', 'N4917', 'N59574', 'N20607', 'N23431']","[533, 1904, 1918, 1914, 713, 1591, 1921, 1702, 270, 1909, 1908, 777, 1911, 1919, 1905, 1541, 5, 1916, 1912, 1913, 1915, 1917, 1236, 558, 1245, 1903, 1920, 1910, 1902, 1883, 124, 1354, 1907, 1906, 1901, 4138, 4138, 4138, 4138, 4138, 4138, 4138, 4138, 4138, 4138, 4138, 4138, 4138, 4138, 4138]"
U15363,71,"['N31801', 'N60895', 'N58200', 'N58733', 'N11005', 'N12215', 'N30160', 'N40640', 'N26201', 'N4526', 'N32310', 'N5325', 'N63779', 'N51798', 'N22997', 'N49972', 'N15788', 'N48356', 'N8277', 'N48715', 'N51330', 'N57368', 'N10470', 'N59574', 'N54980', 'N59484', 'N9660', 'N52782', 'N64273', 'N15676']","[462, 1923, 207, 933, 1921, 1934, 547, 34, 1933, 1931, 1927, 569, 1935, 1669, 1928, 1922, 1924, 562, 276, 1932, 1937, 1926, 1872, 1930, 657, 1936, 1925, 159, 1237, 1929, 4138, 4138, 4138, 4138, 4138, 4138, 4138, 4138, 4138, 4138, 4138, 4138, 4138, 4138, 4138, 4138, 4138, 4138, 4138, 4138]"
U10585,72,"['N59873', 'N60894', 'N19760', 'N44018', 'N29499', 'N24002', 'N3500', 'N51741', 'N11701', 'N33617', 'N6424', 'N44495', 'N46527', 'N38826', 'N31927', 'N30662', 'N47525', 'N31138', 'N63429', 'N63429', 'N28801', 'N55043', 'N8844', 'N32874', 'N35452', 'N41375', 'N19429', 'N6778', 'N1843', 'N47020', 'N25258', 'N24409', 'N60895', 'N40153', 'N14908', 'N24471', 'N51983', 'N5629', 'N3491']","[1941, 1918, 347, 1951, 1467, 942, 1947, 1462, 1956, 1950, 3, 606, 1922, 1938, 495, 1943, 1944, 1946, 1021, 1948, 865, 1942, 1939, 380, 1940, 1949, 1834, 422, 1955, 253, 1952, 1858, 1953, 1945, 885, 1954, 503, 490, 4138, 4138, 4138, 4138, 4138, 4138, 4138, 4138, 4138, 4138, 4138, 4138]"
U11306,73,"['N18064', 'N38868', 'N60340', 'N31801', 'N39778', 'N54842', 'N11005', 'N29867', 'N33502', 'N40509']","[1957, 1185, 1113, 42, 156, 159, 1959, 547, 1679, 1958, 4138, 4138, 4138, 4138, 4138, 4138, 4138, 4138, 4138, 4138, 4138, 4138, 4138, 4138, 4138, 4138, 4138, 4138, 4138, 4138, 4138, 4138, 4138, 4138, 4138, 4138, 4138, 4138, 4138, 4138, 4138, 4138, 4138, 4138, 4138, 4138, 4138, 4138, 4138, 4138]"
U91678,74,"['N15415', 'N3680', 'N19638', 'N9155', 'N848', 'N16636', 'N1603', 'N13137', 'N54827', 'N23653', 'N16715', 'N54625', 'N13374', 'N60184', 'N39101', 'N52536', 'N32742', 'N23305', 'N35710', 'N18503']","[994, 515, 1961, 1, 1406, 1965, 825, 1964, 129, 1966, 626, 121, 538, 1963, 623, 1960, 534, 539, 1962, 375, 4138, 4138, 4138, 4138, 4138, 4138, 4138, 4138, 4138, 4138, 4138, 4138, 4138, 4138, 4138, 4138, 4138, 4138, 4138, 4138, 4138, 4138, 4138, 4138, 4138, 4138, 4138, 4138, 4138, 4138]"
U23485,75,"['N29177', 'N47069', 'N6523', 'N14842', 'N39421', 'N986', 'N12907', 'N49728', 'N52263', 'N63499', 'N501', 'N33304', 'N2980', 'N8584', 'N31826', 'N40716', 'N11070', 'N55556', 'N48564', 'N59395', 'N51434', 'N12103', 'N20798', 'N31857', 'N40376', 'N62058', 'N64631', 'N15797', 'N62661', 'N40207', 'N23431', 'N51270', 'N9660', 'N46026', 'N16308', 'N54005', 'N21145']","[1967, 1977, 1768, 112, 248, 1702, 40, 1979, 1984, 1978, 1972, 245, 1441, 1982, 1986, 847, 1968, 1970, 1969, 1010, 1976, 1983, 125, 439, 1981, 868, 1975, 978, 1980, 1971, 1985, 1974, 1258, 244, 1936, 1973, 1748, 4138, 4138, 4138, 4138, 4138, 4138, 4138, 4138, 4138, 4138, 4138, 4138, 4138]"
U53159,76,"['N4229', 'N32138', 'N53393', 'N23862', 'N34721', 'N25715', 'N61016', 'N54026', 'N6695', 'N22732', 'N25863', 'N4411', 'N4527', 'N17390', 'N44086', 'N48259', 'N5320', 'N52230', 'N54402', 'N63161', 'N61869', 'N12933']","[2003, 2001, 409, 1995, 1997, 1996, 2002, 2005, 1987, 2000, 1993, 1989, 1999, 1800, 1991, 1990, 1994, 2004, 1988, 464, 1998, 1992, 4138, 4138, 4138, 4138, 4138, 4138, 4138, 4138, 4138, 4138, 4138, 4138, 4138, 4138, 4138, 4138, 4138, 4138, 4138, 4138, 4138, 4138, 4138, 4138, 4138, 4138, 4138, 4138]"
U44808,77,"['N61864', 'N22570', 'N56253', 'N871', 'N51706', 'N61864', 'N36053', 'N4866', 'N22561', 'N23653', 'N16715', 'N20857', 'N31181', 'N46962', 'N9685', 'N62058', 'N46655', 'N6218', 'N28257', 'N10359']","[108, 2006, 616, 129, 274, 2009, 371, 439, 625, 1637, 717, 373, 44, 534, 1582, 2008, 2007, 1511, 2010, 4138, 4138, 4138, 4138, 4138, 4138, 4138, 4138, 4138, 4138, 4138, 4138, 4138, 4138, 4138, 4138, 4138, 4138, 4138, 4138, 4138, 4138, 4138, 4138, 4138, 4138, 4138, 4138, 4138, 4138, 4138]"
U89744,78,"['N24422', 'N25287', 'N39121', 'N41777', 'N58226', 'N119', 'N29197', 'N33727', 'N45189', 'N13480', 'N14167', 'N53494', 'N26040', 'N18094', 'N51458', 'N48222', 'N3812', 'N22561', 'N58264', 'N59289', 'N16541', 'N35488', 'N55141', 'N7534', 'N48423', 'N45794', 'N18939', 'N57967', 'N41832', 'N55051', 'N63411', 'N2533', 'N50748', 'N52631', 'N58090', 'N5092', 'N49689', 'N12349', 'N13057', 'N56638', 'N4885', 'N58997', 'N23554', 'N25604', 'N13286', 'N61342', 'N8448', 'N24578', 'N10417', 'N4693', 'N57528', 'N28149', 'N12215', 'N52145', 'N7132', 'N306', 'N8331', 'N11405', 'N28088', 'N49526', 'N42620', 'N55556', 'N25885', 'N38105', 'N43608', 'N62058', 'N8629', 'N22260', 'N27023', 'N8959', 'N63658', 'N16710', 'N55911', 'N10888', 'N2735', 'N53428', 'N8519', 'N4654']","[2024, 783, 2053, 2060, 1191, 540, 1441, 2023, 2031, 625, 2048, 2032, 2019, 2027, 2045, 309, 2020, 2035, 1513, 1325, 2038, 2044, 2013, 2057, 2016, 2049, 2034, 2051, 1122, 1925, 1308, 2050, 2054, 75, 2052, 556, 1501, 2061, 2058, 2056, 937, 2033, 2025, 2029, 2039, 2, 2062, 2028, 2018, 2021]"
U63808,79,"['N12900', 'N459', 'N3908', 'N56253', 'N1150', 'N51293', 'N20304', 'N44251', 'N39561', 'N27448', 'N45589', 'N21337', 'N9080', 'N34271', 'N42458', 'N21771', 'N20145', 'N2203', 'N60223', 'N6233', 'N5266', 'N15695', 'N12506', 'N40791', 'N49926', 'N59496', 'N64032', 'N9899', 'N56778', 'N61005', 'N60340', 'N8002', 'N64505', 'N22561', 'N54305', 'N28115', 'N36445', 'N26109', 'N31304', 'N28828', 'N18848', 'N57997', 'N57967', 'N48998', 'N18285', 'N9319', 'N43961', 'N47780', 'N18285', 'N14552', 'N51992', 'N58332', 'N63761', 'N50', 'N19678', 'N24830']","[98, 2033, 2080, 2066, 588, 2094, 2070, 2069, 2085, 1091, 2090, 1517, 2093, 625, 753, 2071, 2078, 2079, 2065, 2091, 461, 1216, 2075, 2092, 2089, 477, 2064, 65, 964, 1515, 2084, 474, 701, 2073, 2081, 2082, 1502, 2072, 2067, 2087, 670, 373, 2068, 713, 2077, 1901, 2088, 2086, 2083, 1113]"
U27804,80,"['N56253', 'N24673', 'N61826', 'N3500', 'N22479', 'N55189', 'N16233', 'N58619', 'N27096', 'N44399', 'N51706', 'N10078', 'N46990', 'N64408', 'N39638', 'N51942', 'N9554', 'N24237', 'N477', 'N59426', 'N26250', 'N34140', 'N38701', 'N20057', 'N19706', 'N29358', 'N60585', 'N31882', 'N6466', 'N61898', 'N32852', 'N43142', 'N39670', 'N61210', 'N53049', 'N14376', 'N5261', 'N16284', 'N167', 'N50710', 'N43202', 'N3566', 'N13636', 'N51906', 'N54397', 'N62391']","[280, 2114, 2100, 2103, 2110, 2113, 2098, 2101, 2104, 2099, 2112, 177, 1131, 2106, 1808, 2111, 841, 8, 2107, 1769, 1429, 2097, 2116, 2095, 2102, 544, 46, 158, 1096, 717, 373, 1555, 1706, 1490, 2108, 2096, 2105, 2109, 1361, 2115, 124, 507, 939, 1595, 490, 1409, 4138, 4138, 4138, 4138]"
U89839,81,"['N56253', 'N24673', 'N61826', 'N3500', 'N22479', 'N55189', 'N16233', 'N58619', 'N27096', 'N44399', 'N51706', 'N10078', 'N46990', 'N64408', 'N39638', 'N51942', 'N9554', 'N24237', 'N477', 'N59426', 'N26250', 'N34140', 'N38701', 'N20057', 'N19706', 'N29358', 'N60585', 'N31882', 'N6466', 'N61898', 'N32852', 'N43142', 'N39670', 'N61210', 'N53049', 'N14376', 'N5261', 'N16284', 'N167', 'N50710', 'N43202', 'N3566', 'N13636', 'N51906', 'N54397', 'N62391']","[280, 2114, 2100, 2103, 2110, 2113, 2098, 2101, 2104, 2099, 2112, 177, 1131, 2106, 1808, 2111, 841, 8, 2107, 1769, 1429, 2097, 2116, 2095, 2102, 544, 46, 158, 1096, 717, 373, 1555, 1706, 1490, 2108, 2096, 2105, 2109, 1361, 2115, 124, 507, 939, 1595, 490, 1409, 4138, 4138, 4138, 4138]"
U16402,82,"['N62859', 'N64906', 'N33096', 'N32008', 'N47189', 'N15454']","[192, 2120, 1826, 2118, 2119, 2117, 4138, 4138, 4138, 4138, 4138, 4138, 4138, 4138, 4138, 4138, 4138, 4138, 4138, 4138, 4138, 4138, 4138, 4138, 4138, 4138, 4138, 4138, 4138, 4138, 4138, 4138, 4138, 4138, 4138, 4138, 4138, 4138, 4138, 4138, 4138, 4138, 4138, 4138, 4138, 4138, 4138, 4138, 4138, 4138]"
U49572,83,"['N44429', 'N44383', 'N18519', 'N32872', 'N61763', 'N29694', 'N20323', 'N28818', 'N871', 'N22525', 'N16233', 'N9984', 'N40107', 'N5440', 'N28583', 'N65046', 'N25889', 'N12353', 'N56003', 'N46128', 'N53234', 'N4020', 'N53963', 'N33103', 'N56224', 'N20039', 'N5187', 'N16865', 'N25634', 'N46333', 'N14387', 'N14558', 'N46439', 'N41256', 'N61598', 'N19643', 'N12197', 'N16109', 'N20295', 'N52707', 'N43983', 'N3818', 'N12341', 'N6023', 'N16765', 'N10512', 'N13923', 'N7111', 'N33503', 'N5290', 'N30858', 'N17254', 'N50324', 'N64185', 'N7044', 'N61883', 'N6253', 'N1637', 'N14218', 'N60418', 'N47319', 'N708', 'N62290', 'N10364', 'N28701', 'N45846', 'N60077', 'N6792', 'N27644', 'N46440', 'N11480', 'N60938', 'N39235', 'N50805', 'N49229', 'N31931', 'N34722', 'N37156', 'N24812', 'N6722', 'N63633', 'N18094', 'N49903', 'N12661', 'N9521', 'N50578', 'N46826', 'N10896', 'N46151', 'N37014', 'N12860', 'N1825', 'N57510', 'N23256', 'N21005', 'N50328', 'N59704', 'N46392', 'N12161', 'N46392', 'N12161', 'N13978', 'N45325', 'N5495', 'N24013', 'N60729', 'N19628', 'N54320', 'N59748', 'N39376', 'N36650', 'N10331', 'N48286', 'N17496', 'N49128', 'N54827', 'N65033', 'N49568', 'N21538', 'N50069', 'N58090', 'N28058', 'N60627', 'N20996', 'N9453', 'N42278', 'N3940', 'N1398', 'N21178', 'N55922', 'N51420', 'N60184', 'N40242', 'N10836', 'N38127', 'N37349', 'N39302', 'N43213', 'N10346', 'N47328', 'N36788', 'N52830', 'N54842', 'N28074', 'N38655', 'N56918', 'N12207', 'N11005', 'N44470', 'N54225', 'N7008', 'N28171', 'N41588', 'N63515', 'N61249', 'N306', 'N29613', 'N4526', 'N27604', 'N13418', 'N4572', 'N61894', 'N27604', 'N43831', 'N138', 'N10520', 'N24795', 'N62767', 'N4486', 'N38354', 'N10136', 'N42252', 'N31699', 'N10120', 'N60300', 'N39438', 'N17099', 'N57485', 'N13429', 'N16190', 'N24252', 'N43298', 'N32004', 'N4607', 'N23115', 'N54043', 'N26165', 'N54470', 'N64241', 'N60912', 'N59912', 'N54096', 'N16367', 'N32194', 'N18643', 'N5003', 'N44423', 'N31303', 'N29854', 'N28020', 'N1345', 'N30228', 'N58536', 'N5360', 'N54536', 'N63074', 'N30802', 'N33630', 'N30996', 'N16437', 'N2748', 'N3936', 'N19506', 'N58536', 'N147', 'N59258', 'N25687', 'N55507', 'N56032', 'N58011', 'N21342', 'N39187', 'N58649', 'N62590', 'N54287', 'N21970', 'N16790', 'N37262', 'N2621', 'N55558', 'N36086', 'N25687', 'N22261', 'N19043', 'N11929', 'N2886']","[2269, 156, 2145, 2124, 2139, 2227, 2164, 2251, 2159, 2248, 679, 2278, 2257, 2202, 2206, 2264, 1031, 2260, 2241, 2283, 2276, 2, 2157, 1292, 2281, 2199, 2193, 2249, 2284, 321, 2135, 2297, 2211, 2223, 1785, 27, 1120, 111, 1294, 2148, 121, 2253, 2131, 2288, 2201, 2136, 2286, 2232, 258, 493]"
U66486,84,"['N57072', 'N60496', 'N44258', 'N62771', 'N49728', 'N18845', 'N39737', 'N45080', 'N60491', 'N38105', 'N25739', 'N30209', 'N45278', 'N21272']","[2300, 2299, 2301, 1972, 2303, 189, 6, 2305, 2308, 2304, 2298, 2306, 2302, 2307, 4138, 4138, 4138, 4138, 4138, 4138, 4138, 4138, 4138, 4138, 4138, 4138, 4138, 4138, 4138, 4138, 4138, 4138, 4138, 4138, 4138, 4138, 4138, 4138, 4138, 4138, 4138, 4138, 4138, 4138, 4138, 4138, 4138, 4138, 4138, 4138]"
U67565,85,"['N3547', 'N63875', 'N5163', 'N22570', 'N1150', 'N30708', 'N44559', 'N5440', 'N41954', 'N16260', 'N18030', 'N59026', 'N39235', 'N56514', 'N2186', 'N13137', 'N40704', 'N1825', 'N50752', 'N54435', 'N63258', 'N23653', 'N22161', 'N13231', 'N7080', 'N36780', 'N38390', 'N56240', 'N31801', 'N54225', 'N13710', 'N33096', 'N63688', 'N39670', 'N60611', 'N61940', 'N13081', 'N27766', 'N943', 'N43846', 'N21317', 'N54536', 'N57187', 'N35790', 'N2678']","[2313, 701, 1174, 2321, 2328, 1649, 528, 129, 2312, 2323, 2310, 111, 626, 2311, 1356, 906, 1360, 2316, 2318, 2320, 446, 192, 2324, 517, 1078, 2329, 2326, 2327, 2314, 1436, 341, 458, 2309, 2319, 294, 2317, 44, 241, 756, 159, 2322, 1118, 939, 2315, 2325, 4138, 4138, 4138, 4138, 4138]"
U70879,86,"['N47823', 'N44013', 'N17354', 'N26531', 'N22570', 'N16215', 'N29849', 'N42989', 'N57147', 'N47069', 'N64952', 'N27448', 'N45589', 'N8391', 'N52109', 'N41252', 'N32299', 'N51111', 'N30847', 'N43369', 'N63221', 'N65219', 'N39647', 'N64408', 'N14607', 'N39584', 'N32187', 'N29316', 'N63740', 'N2234', 'N42208', 'N28296', 'N20742', 'N57537', 'N54793', 'N50890', 'N7203', 'N36699', 'N61598', 'N42946', 'N34595', 'N49513', 'N29197', 'N33969', 'N13361', 'N60333', 'N24131', 'N63054', 'N47954', 'N41433', 'N50467', 'N61018', 'N46194', 'N36030', 'N45896', 'N33704', 'N51180', 'N26119', 'N45896', 'N57783', 'N28144', 'N49528', 'N16513', 'N54826', 'N57109', 'N25732', 'N46909', 'N42664', 'N3124', 'N42359', 'N29851', 'N37920', 'N59691', 'N3471', 'N28425', 'N35', 'N1506', 'N64706', 'N38585', 'N61388', 'N52652', 'N3388', 'N39084', 'N28058', 'N9012', 'N40809', 'N45909', 'N45954', 'N40467', 'N33389', 'N53385', 'N38562', 'N30374', 'N15587', 'N42358', 'N31111', 'N13400', 'N15587', 'N17764', 'N34140', 'N5905', 'N49495', 'N62940', 'N47309', 'N44109', 'N26504', 'N17032', 'N41797', 'N54655', 'N17542', 'N60826', 'N3086', 'N23035', 'N56596', 'N45199', 'N45433', 'N7132', 'N63161', 'N33742', 'N50837', 'N43595', 'N63272', 'N41896', 'N57340', 'N15788', 'N20004', 'N36530', 'N64214', 'N57987', 'N39380', 'N62058', 'N7172', 'N52921', 'N50580', 'N34865', 'N20567', 'N52921', 'N10799', 'N60858', 'N62738', 'N28862', 'N22816']","[2399, 2418, 1645, 2395, 2402, 63, 2396, 2360, 2385, 2373, 2393, 1635, 582, 1304, 327, 2394, 2422, 2364, 2405, 2357, 2352, 2362, 2421, 2371, 2397, 2378, 530, 2358, 2368, 2392, 2379, 191, 2424, 2366, 1967, 2410, 544, 2337, 2404, 2370, 2387, 2359, 464, 2382, 2407, 2342, 2333, 1203, 2408, 2391]"
U46596,87,"['N47438', 'N20950', 'N21317', 'N5469']","[2428, 1077, 1078, 2429, 4138, 4138, 4138, 4138, 4138, 4138, 4138, 4138, 4138, 4138, 4138, 4138, 4138, 4138, 4138, 4138, 4138, 4138, 4138, 4138, 4138, 4138, 4138, 4138, 4138, 4138, 4138, 4138, 4138, 4138, 4138, 4138, 4138, 4138, 4138, 4138, 4138, 4138, 4138, 4138, 4138, 4138, 4138, 4138, 4138, 4138]"
U1700,88,"['N871', 'N37997', 'N26026', 'N306', 'N34820', 'N23105', 'N43142', 'N21460', 'N3259', 'N46846', 'N21020', 'N25785']","[2430, 1381, 177, 2433, 108, 934, 2, 2434, 1013, 2431, 2432, 7, 4138, 4138, 4138, 4138, 4138, 4138, 4138, 4138, 4138, 4138, 4138, 4138, 4138, 4138, 4138, 4138, 4138, 4138, 4138, 4138, 4138, 4138, 4138, 4138, 4138, 4138, 4138, 4138, 4138, 4138, 4138, 4138, 4138, 4138, 4138, 4138, 4138, 4138]"
U61875,89,"['N61070', 'N5034', 'N63620', 'N20216', 'N80', 'N46392', 'N5013', 'N36811', 'N63123', 'N6531', 'N6466', 'N2778', 'N20613', 'N20857', 'N50370', 'N37708', 'N62816', 'N44310', 'N36817', 'N15630', 'N54024', 'N13199', 'N34287', 'N52536', 'N26176', 'N921', 'N48276', 'N63302', 'N34069', 'N817', 'N13138', 'N9056', 'N10120', 'N14761', 'N60895', 'N32001', 'N3826', 'N43955', 'N11866', 'N43899']","[374, 2440, 2448, 385, 1671, 2438, 2443, 2437, 1577, 2455, 2446, 2449, 2450, 1922, 2444, 2439, 2436, 5, 2452, 2447, 2442, 1637, 1963, 1912, 2453, 1917, 2454, 2451, 558, 1314, 1184, 2445, 1398, 1865, 2435, 126, 1560, 2441, 284, 1409, 4138, 4138, 4138, 4138, 4138, 4138, 4138, 4138, 4138, 4138]"
U53276,90,"['N55189', 'N16233', 'N51706', 'N15034', 'N10865', 'N60000', 'N501', 'N27408', 'N30434', 'N40716', 'N16715', 'N16715', 'N13374', 'N42620', 'N22997', 'N8148', 'N29857', 'N39979']","[1273, 959, 125, 2097, 2458, 534, 2457, 539, 46, 207, 556, 892, 978, 1068, 717, 2456, 845, 4138, 4138, 4138, 4138, 4138, 4138, 4138, 4138, 4138, 4138, 4138, 4138, 4138, 4138, 4138, 4138, 4138, 4138, 4138, 4138, 4138, 4138, 4138, 4138, 4138, 4138, 4138, 4138, 4138, 4138, 4138, 4138, 4138]"
U39029,91,"['N20290', 'N32230', 'N33513', 'N29597', 'N42989', 'N3500', 'N55846', 'N12801', 'N12291', 'N63842', 'N38118', 'N39508', 'N21623', 'N61931', 'N24889', 'N63842', 'N28818', 'N57737', 'N47729', 'N7143', 'N48517', 'N25577', 'N16715', 'N60340', 'N30967', 'N39677', 'N6864', 'N712', 'N30353', 'N34824', 'N41197', 'N38390', 'N61196', 'N1398', 'N55599', 'N10414', 'N62703', 'N55410', 'N60671', 'N62374', 'N22997', 'N27766', 'N48699', 'N7849', 'N28123', 'N24471', 'N36271', 'N5886', 'N60300', 'N25739', 'N24514', 'N55497', 'N50839', 'N62714', 'N50135', 'N3491']","[1408, 2461, 902, 487, 2463, 2475, 241, 2480, 2459, 2481, 643, 1147, 207, 2471, 905, 534, 2468, 2478, 1275, 493, 2462, 2469, 2305, 1459, 1294, 1643, 2464, 490, 413, 2477, 465, 2473, 498, 235, 536, 2479, 1718, 2472, 2466, 2467, 1956, 1154, 2460, 1432, 1639, 1113, 2465, 2470, 865, 2320]"
U24775,92,"['N44579', 'N34047', 'N30665', 'N53033', 'N4411', 'N20284', 'N39670', 'N18870']","[2483, 2484, 68, 442, 2482, 939, 1996, 2485, 4138, 4138, 4138, 4138, 4138, 4138, 4138, 4138, 4138, 4138, 4138, 4138, 4138, 4138, 4138, 4138, 4138, 4138, 4138, 4138, 4138, 4138, 4138, 4138, 4138, 4138, 4138, 4138, 4138, 4138, 4138, 4138, 4138, 4138, 4138, 4138, 4138, 4138, 4138, 4138, 4138, 4138]"
U53231,93,"['N58936', 'N15919', 'N11917', 'N2153', 'N55312', 'N13008', 'N41420', 'N24889', 'N719', 'N47485', 'N35259', 'N34124', 'N37720', 'N29924', 'N39498', 'N64049', 'N45794', 'N16715', 'N26122', 'N45535', 'N20091', 'N391', 'N12576', 'N53436', 'N41244', 'N5887', 'N49179', 'N55897']","[2493, 1020, 1156, 494, 2497, 783, 871, 667, 1837, 2492, 2491, 2488, 1000, 499, 2487, 2495, 2490, 199, 2496, 2486, 534, 881, 2498, 498, 2494, 2499, 2489, 2500, 4138, 4138, 4138, 4138, 4138, 4138, 4138, 4138, 4138, 4138, 4138, 4138, 4138, 4138, 4138, 4138, 4138, 4138, 4138, 4138, 4138, 4138]"
U36009,94,"['N33247', 'N58641', 'N64408', 'N30450', 'N11101', 'N11386', 'N2142', 'N47020', 'N6713', 'N313', 'N58006', 'N53617']","[2502, 423, 2504, 520, 2505, 2506, 2503, 1386, 1096, 422, 1389, 2501, 4138, 4138, 4138, 4138, 4138, 4138, 4138, 4138, 4138, 4138, 4138, 4138, 4138, 4138, 4138, 4138, 4138, 4138, 4138, 4138, 4138, 4138, 4138, 4138, 4138, 4138, 4138, 4138, 4138, 4138, 4138, 4138, 4138, 4138, 4138, 4138, 4138, 4138]"
U1376,95,"['N62931', 'N52545', 'N32808', 'N39556', 'N29529', 'N10732', 'N49640', 'N12907', 'N44399', 'N44955', 'N34694', 'N63920', 'N54834', 'N17907', 'N54834']","[664, 2511, 2508, 1895, 1464, 427, 1252, 2507, 112, 507, 2512, 2513, 2510, 2509, 4138, 4138, 4138, 4138, 4138, 4138, 4138, 4138, 4138, 4138, 4138, 4138, 4138, 4138, 4138, 4138, 4138, 4138, 4138, 4138, 4138, 4138, 4138, 4138, 4138, 4138, 4138, 4138, 4138, 4138, 4138, 4138, 4138, 4138, 4138, 4138]"
U7932,96,"['N53216', 'N18366', 'N32312', 'N35022', 'N34649', 'N17589', 'N32573', 'N18238', 'N17292', 'N50475', 'N48655']","[456, 2518, 522, 1263, 1650, 1465, 2514, 2517, 2516, 1405, 2515, 4138, 4138, 4138, 4138, 4138, 4138, 4138, 4138, 4138, 4138, 4138, 4138, 4138, 4138, 4138, 4138, 4138, 4138, 4138, 4138, 4138, 4138, 4138, 4138, 4138, 4138, 4138, 4138, 4138, 4138, 4138, 4138, 4138, 4138, 4138, 4138, 4138, 4138, 4138]"
U17841,97,"['N41089', 'N3577', 'N59496', 'N18086', 'N56175', 'N56630', 'N13893', 'N45794', 'N56537', 'N5978', 'N11727', 'N54435', 'N40716', 'N7499', 'N9803', 'N34934', 'N20109', 'N10417', 'N63180', 'N619', 'N60850', 'N11005', 'N995', 'N32852', 'N59254', 'N40944', 'N40640', 'N6750', 'N21720', 'N27919', 'N61186', 'N55556', 'N46795', 'N18870', 'N38495', 'N42570', 'N17681', 'N22816', 'N32268']","[2531, 2521, 2520, 2525, 580, 153, 442, 1852, 2532, 933, 979, 553, 547, 2427, 2522, 1115, 1760, 783, 2535, 1441, 2529, 2527, 2524, 2523, 1320, 2077, 125, 351, 2526, 2528, 1823, 458, 614, 67, 2530, 2519, 2533, 1361, 2534, 4138, 4138, 4138, 4138, 4138, 4138, 4138, 4138, 4138, 4138, 4138]"
U60663,98,"['N55951', 'N44402', 'N54827', 'N64983', 'N8148']","[2536, 121, 452, 337, 845, 4138, 4138, 4138, 4138, 4138, 4138, 4138, 4138, 4138, 4138, 4138, 4138, 4138, 4138, 4138, 4138, 4138, 4138, 4138, 4138, 4138, 4138, 4138, 4138, 4138, 4138, 4138, 4138, 4138, 4138, 4138, 4138, 4138, 4138, 4138, 4138, 4138, 4138, 4138, 4138, 4138, 4138, 4138, 4138, 4138]"
U39643,99,"['N32089', 'N61704', 'N14302', 'N56778', 'N46392', 'N40716', 'N16617', 'N38585', 'N31248', 'N42620', 'N31175', 'N55714', 'N48742']","[506, 1712, 125, 1398, 2079, 2537, 1272, 2538, 556, 194, 1354, 2539, 843, 4138, 4138, 4138, 4138, 4138, 4138, 4138, 4138, 4138, 4138, 4138, 4138, 4138, 4138, 4138, 4138, 4138, 4138, 4138, 4138, 4138, 4138, 4138, 4138, 4138, 4138, 4138, 4138, 4138, 4138, 4138, 4138, 4138, 4138, 4138, 4138, 4138]"
